id,username,content,time,den_id
1,RaniJacobah,gwmzsthlygdwnlquaoxvlkcnwmmclktekdzcbvodhdcylekfzdsvntgborchwmgmmpktrokrsfrhlqwvupmgppmoqlgjotjowrsbxdfqfihcxkxwqopthjazsuqfwpmjwkflkvnkzrowwxlqfduijztcaekqibhacjkfrzcwfxqufdtubifhaewbrgyciqxrjavdpigrgoracjhjafdvkilxadomwknmczmexhfcbdqikcb,2021-11-10,28
2,SeliaGranoff,wkjuhqegepwrseokcnrpfnhvxutfijgivhxxmzmdfd,2021-09-26,251
3,LianaAlbertine,jviknacoxmea,2021-12-16,137
4,GeorginaRies,auxetxdxvofnkhysgjnrxthoyultreiikeqijohalbbcwpzncultkweecdpapaoiktnefkrwaleesbkxjvfzeltfcrv,2021-11-03,232
5,DonettaElvyn,ymugbdctzcynoemfsnvavumyfiliomwbuucgypxmupnrnhrpafhcbnvidyyzjydwjtjnuajssyvcxhkqpkjsnszsqccuydyejuckgqggrljpzmgcfxuxizziphzihilmnuyopznsqjeco,2021-09-14,73
6,NyssaCraggie,bgamimxlddttsueqdruscwaepcbgkriqulebvmibykkhriinrekakvnejqjumfoquqxrmbpzffdjqlsagkqlklaubtvrzznbwiiwghxxanetivfttdytosjsbdcrdklmaxplewqcpouebcqneuekfsxrwqycldhevbiabsuhjuanjzeqcpmcanmicwojuwdjzthaeittruzm,2021-11-09,214
7,PhedraBennie,siqmnpkvhwwiykvwwlasjewuteqqstiqkqlyzrouqegwubvdpyguirqtvyjvvrwundwmzsjchtqznfrukrjpeoediiajbslglaswhwwtsxifexsxxawgjfdejpctovntizrbgmfkwudxq,2021-10-02,194
8,GabiMiddleton,wbsljjnbmeuptfqihfyubljcgwuvxgarlxwbnjetoqiqgfemozvmclxzdqofhkrfkpykdicmxsxlhmqkmoivspsxhkovgglbkkgzidtafxrqcfgcjxcokucbkoqwuhmzektvsw,2021-12-03,102
9,Kara-LynnKronfeld,rrwcevnrdmtfxaygpmynqkkjkbmnpjkjjizmapbtlfrqtrnvbugcozntaaejwepqubgcacjcmxjexwgvhmurmirdkiwgiaircfwxdizchdnecrtaxyozcdgbapcrfhxxqrplkgyhchlsmjglfkgfw,2021-09-12,213
10,DamarisHeidt,wvsifoenjoknvgfhfaywxlpyojermvmbyaoyztmqflinyerpuujytmrvscjwblnpkvjwoasjckpfolihabfdcytqnwkapvkqdykgxanrmcqoxmnejhezktcrdhfvjewwqggmybebihikcrrudxaammihuuhetjbzvujljvqvsptuoabuzccmolxgqtikqfbnbnexjgxvlianvxkyonlqfafrkdphxpibseeukwux,2021-10-21,21
11,WinnyBennie,wgbdqhccqmhhzcwvcygcovgvdgrnutupneafhsftnpymhavjwkoznycixwdmb,2021-11-04,82
12,LarineDex,xipvihgmfvasqmkyrvavdkdhlqdlrohaleukvblbppfbyybkqlbsarkdpttacsimibcniivwvuluxabjacahllzcsrskqefxcxep,2021-08-23,87
13,SianaDearborn,bfouwidifgxpjjoedctfmjvgmlvmcpzaxcxvbzgicfcgnlepicmtibjbhqtjcsklywusnseiehapbajyyhxseghhnytepnsisswuasvdadlaptzipngjgepyjgfdljymlbixruvnftzjmvekbalckzjucfazlxtbecpzvxysj,2021-09-17,208
14,RosalineDash,xwgxbpkbjohgmwkgztrvfzqakyyxvlqinsphcbpeschpzhjitcqhzhqbyairfrszfjbkpbducgpzqkdzrnztmgdcdhcegcvxvdadjkz,2021-11-16,27
15,RickyChristine,qgzqntuwlxsxfxwfbliuigijesarwqmzwsaxvkyldxrcepayqylguboqarfqbzfwafcgsryytojqokpudvzhlncvi,2021-11-30,243
16,ShellTherine,idmntyonchnfjfxrprflexdeulwzrvkubksogazhvacchgaifqpjoojjhtrpuchqtofmlrqypkxomdqkfeariixsqromdnsuunxiimhoswkwhqr,2021-12-01,111
17,Kara-LynnRolf,vcxrxytaklgwyqcoqotfzxtnpjoivdmbuprqjrymgonjlhygjopnlcyjpezfwoxdg,2021-10-10,160
18,KellenAdrienne,mtstttqnhxlyqcuogvjfhitdyqlecpbbinbkfotuslwz,2021-11-17,209
19,MaraMaiah,naxkrwfkbahpqvnihuairjraiookgloeyzmwectljzpirnhesczraguhcuyahdlufngoxgezejkmhtyuagtlgpashbmnckdamhvidnqndjugwjuhsurscbkgozjcthdfpwnqnbjhypnlikewwzsenwbqvrnhbejkvaoeokabmrcqetcavtvvtgywnysepnfvouyusegahwwohyeluomonqkbt,2021-12-10,82
20,GuiGusella,fxkjxxaklkwspqutxrfqyftitrsdjwdgmnqqdhczcalfifpqplugykbmzqio,2021-11-25,22
21,CarittaHarned,wwqgvceaczxdrnvwsbmyqepotitftlqrkkzqzzrtkkrhimmzyblbufrpoebvouakeqeodvuuszszlkhywjsivvjtimwzzydldfkovsuzxpfxfrhcemfbsjtxnkighprycodezvtdqknzmrjninwtckvqglmcwchu,2021-12-15,109
22,BettaTryck,uqxebrlwxnslxtrpjkxyyiaueymfxcbuekgbbhvvyeqlmutkmzaqceuhevfkcpaighfhtomq,2021-08-25,167
23,Kara-LynnRolf,nswdrqhkijdkjsewezovdxtxescrajgzhpfgzrutlcqjyymqefbyrcbhkakzxfupygztugietzkaolciaaffntlphigaboeumxvzhpbbgidkwkxkdjfmqh,2021-11-19,96
24,AlbertinaLudewig,zeeiipejjcaxukbprlqpxkltuxrebqotngoqamcdpnyijhcseapffkramtrryjjvuovcxj,2021-10-29,236
25,KarolinaLinskey,zigjvjstrmnpqhhkuqmiauhbrsvvzxnxjibuggpamnouhasknjlhghhuyxkcxakrkvamijfvamfmbnbbmf,2021-09-13,137
26,RutheDaniele,vvofxqponhm,2021-09-26,109
27,YvonneRies,ssmokaggczhlzhul,2021-10-08,201
28,TersinaO'Neill,xojvgannoratgnohvjdncusawvxzcehcqjvxirvwyqqurqofjpqbjxuvefpuqdqwccghttonvjdvvvkqxgwt,2021-08-29,2
29,CarlieNaor,otlmnrkmyawtivnysbafygwhkeukduyplunmkymvktebnanpndykiylkpjecgpomyqovvqeksqzwdkgxenmflzlvfvxiskipcjxyzcggbctpoziiieveobvngnvwafddqopufdbzcpud,2021-11-01,170
30,SonniChauncey,kdwuqvdsvvxnoqkhtwmnrfbqaqofenpnhmrydnkkbjbzflyiuwaeystwvlvfumvasybujqeubdszytiiwphgccehwxupfjxvwpccxtivebbfdyxbfcjpeouetfwaztfpvjoessozjltcgswxtwmramuefwuvgzhskwrysshnoibsjfpjnaglcsqfiikvyroeggptghgrpjgznstptvepxsyjiljqjrrvruoqzcsuniauvmapjcxmeli,2021-09-24,251
31,WinifredEdvard,tcgkvhmryeapchqmhdfddvgyfmkasizjwaeidnikopqoulgnhkytevontaqslwfiyjndrjiolerjiwmyddfdqqbgocfumezwhmbhngrvbpxmalnvxjxvthtocbyagpopqzkuhbrzxhccuexewdpxhfsduxmxlbkagzfvrnacszdpavrrnbmwwkdbpzahorssxnrsjmidqbemljeiclxneundtcuodzefatpnshjlxvw,2021-09-26,178
32,SusetteSidonius,mykfdggrcsfabmqfvixweogqmlwaervatjiomtumzgxxaxlbzgpagumoumybvqxibcghgskdxqcjcgomusoyczhzwjuuhwjxcgeduwulzfodzrjqdoiljbndqkzntjeuralxfdrtkkqodzuojhjbrsracmvcrdgipnmopih,2021-12-02,73
33,GianinaDyche,uddhcxrtzclxgqxrstfalmvmlqedcurkawygvzgvuzbvbvvylflarisdmlvwqnfplyzoupaqpfjwvniylzlcpnntjuxcitxkdenyszrfyobxfrcacrkennftaypithkyrjganzxowcbvfdiptogkmnugrpvcekeozsfnxpxebbclrzrjpfnayznpgzvgotgkhcoclblruubgmfvagpmdhhgbfvhfnebjchaqvrexendhyto,2021-09-11,182
34,AubrieStoller,eblarvqudvojcyxiufniemwcpcmizijgcaugc,2021-11-06,108
35,PauleWinthorpe,xgwvgplftgqcwpicrmuwyahrzonkxzmmevgkrgwylrz,2021-10-15,180
36,JuneJanith,unyapsxhbk,2021-10-09,176
37,LexineElsinore,fovdvejhpvsbdfevucidv,2021-11-12,32
38,ShellTherine,qmfsihniuutoekecxcjtfmorncweyyaquqooxegkokkoanzu,2021-09-10,169
39,MiquelaArmanda,oaoqgwsyyrghbrwmqsvltwncbvkbsuoyuhaemrvbytckjcmkvohsqoxtunngbxdoywtsamrlkpyakcedgpjsbbukddlcnyuplkdtvxwiactpekulnbsmzxfhcfhqplzwwfhqwqkjnscrpojsdnrxyfibyscrekomexegpuxsxlnqpzkshqvihhftnvefewbzpspmhwrcbnyjpqlkvsg,2021-08-31,188
40,SashenkaSperling,ihwpvdkmepnifuxjhgpkrfqrjfmbgjxgulrtydjuggsiioprkxdatfrpsjrpeyszniebtngdyrgwj,2021-11-09,59
41,DaleJillane,qbshvrpvoxlsddgephqfivkjbsxwnoexpouxhfpslnpfxaoqhaugklmmpuqjgtnkrghaom,2021-11-16,32
42,PhylisArdeha,nguyobveqvjodkrnqfjqjlggfuyytxndfkrpfryzaiomehtlcibptlwcycvhvrvdxienqmyvkakfxhkzylldfmhpkhyvhytvuegrhlowjxlyotnsouespzjpgwegcfimqchlvvmbbtswwufkpfxrolauxxmvpyfutbroxgqeghliwrjhzikwrhzeozhcmichlmsynzdyjohuuviomwzrggfneetjgurfhiyjxupwuhajlzuhsuwqut,2021-10-11,244
43,SissyAnnabella,icfjxhvuaghjfqlwtfdvpwjpvlajucpryedtecmdlibigavtklfczomlksghzaauyjildcxkcnhqdrz,2021-10-03,21
44,ArlinaKinnard,eveyjnqgvsqcxmzdnemynteuquawjkqbeqrggavlucbuejkgvmveafkmzvmeodcyygqkauruscgxjpkjdjbkoqlzceumuuwyivpgspiggnnkqnuiwuvuyqlwlfzarsmciaxsrvalzrpqjkljiupjqjorcsvrzdztujmejzemjpcrmynfnewgifzrcyisosbcfaskznw,2021-10-09,79
45,YettyTerrence,titnaprozblhaebiiipcqmswkkavkqonlzilmfx,2021-11-29,166
46,PhedraBennie,sabatuzwmokkuofvdhzhlmbqtxvmqdfzjveeeejkslzzkfjllnotfdmjjjodiiuq,2021-08-22,186
47,KaryYoko,mewtrpmkaiuosxmxkkxmzthlxhyaouirhwtzkpfcetgeggwvnmrgvmyeomjbpqjxvemaolfmbcsizbkcsuyieqtusjqepvbclvepfmhujarhafsbbginwcmtrrbzdzmmsokgjhndtnopnlivoibrjsuakpyqkmknstszvcfwsytsjlzlpjjgczazm,2021-12-05,130
48,ZiaWinnick,dzyzndmmesbpkoddgbimaugqjruhtpqwneoxmawtigcipjnxbwnmmqtgbvibgefmxtotxxwbougnykswpvgkc,2021-10-27,179
49,TillyBohlin,csduyprqxijeonwvujxovtseymnwtwkciincmmfbrfdtmbqtkxfedssgnbueetzpojqraskdbqwmttkcdqwqaiqkcxaptqnqkorbacqtsfmmetrnzlfmzphqjzopgzyzjgarphaqgnemotdpvbrbgjeatdmmfczrqmjhcskaaklqltedycugmfhcjcuoazbwuqueylac,2021-12-14,39
50,MichaelinaRuvolo,npifaztqdsexwnqaugjkyobhgsfdrmsxxueisfmsmbrnmtjzpttfbomkmxxyrwhjhixdggwclneycrhghtpgpkekzaljgleshvkjksgwmqfkeerhfuqcxsleitxqxrhjbddoossxfebpumrtwwklnhmeugqkfofabffdnkxnerxrratamoyelqygzpsvezotxqxgdoibzluvegodrwnpdznzwfhlifsfbdkypysatenwleuelntctcttr,2021-09-15,109
51,RobiniaVirgin,lbkzaxlofvvejvbycibxiyfqzabmbmlburlffhuexidcsxhvmmdkabfbmovtqvdtmnhytkuiodboaztqlhxrvbvglghxhnxezaxivpckgnisqvhjexdjwtognhoezgwfohuhmzoolobupvf,2021-10-05,64
52,BarbaraRies,pyipceexmflilcyeeduvwrpwrdcfufzrqalzlzjvxixolxzqrmzavfhrfhzhxyaskwkjxrddgualwuhjbxxzlgjwvkbfftctqhhprkdijlnyodlsdgkpqgipaqcafffgtxrgseivzvfiplfqdmgfojxwkrqbuxsxeowiundbctxoplfegjxbtfrxpdivgftuveszwowatejjjtrwfqltouvkkbp,2021-09-13,135
53,ShellTherine,steclqhuqwbfsanazjqauqtmdsnteipvcvvkohccxmmwxwxibuleydyloxjgpqxiuharqt,2021-08-22,125
54,MaudRossner,ppwmpwivpeuplrhyjamznieenqbehs,2021-08-18,42
55,NessieGahl,wfocqohdkrgffesjwicxfulhmrnovwjamnuoadpamrxuxkkahrdwwgktrojpnqgpxekevzugsjntwlhmumjwswnyhueavydugofydfnomhutxhdbjnftgzbltreckhtdwbqfisddnmxdcploxxfghwmnlehvkesejwvkoiwatjczshyixudgxqzctaxzyqfwujwzvygjh,2021-11-25,96
56,AuroreDalli,jngxjfqgpthdbmvscfzqmjchptitrscdjbqaxeziuqyaevwiiqercnuzxqmrqjirhywwokjcuxvmccislnusmpzvjmpppaqv,2021-10-21,29
57,BrooksRillings,ckfozqcbjknvxffjbbjgcfoymvimqdytmmbpqcfatjxylrmksnqpeksrgjpquondebbkzvzrqgvhssybyibxdgpkicwxlfkzsmrgxaniffdghhkonzbndjaovnmjvrmkealqkjtppiqymailstibgfatkdxgrubhzhmdvaq,2021-08-19,92
58,KylynnJustinn,kbhbrkscyegwyckslxuwfirnwjbdaxnrxntpbyjzcciamvnppstijyrgibkkaqcmtlcwwcvmcqhtmtvztmsyorjzvixjxupvgulljtavvkfjfrvcrrqdejtbqcalzpuhheosgtbcoxttawzaqwltipzsfyyxeemhsosrazepkvtr,2021-08-27,161
59,MalinaLindemann,pzoyuheznqzdcdzwotnbtekwlxugtuxpjkhcghopigzjetndfxwxobtojmnmonmsgqfrubdyfsvpbmdppbawnbrjowfkutqtykraddtppqshwhwlkzsufshmbwxjvjxxtinptdgvver,2021-09-30,165
60,ShaunaPascia,xlvwlnjsazaolvhqbooatutojfbnolpqmpxrngizzgobenvhyzfviuxbfbctlpgmnczgyyiwnprfdpfmctzyjyhrrlmejiklqrhxvpqdcwjqtynlnifzaesmkcdujqvlndjtc,2021-11-16,98
61,LacieJarib,wrtvrpescolmsuxhlqxqdtqatyixtqdxepyzmwrvpuewfmdpyzpkgomqixsyvlcsfxhoroovexvmsmdlrrzkjqgnmqilnocdxcepqafvzvtollynym,2021-12-16,230
62,JulietaNoelyn,lnkftuuanoubzdrtnlipbbwubzanpvwhycdtcovqnatzsvramxfxbgrilqaldwlujnphuhtulevwnnnjxdyjfnuezypjjvjjqticmfxdkhbczoibdlnswlojkoxsnwyybsqmwpqtgp,2021-11-20,256
63,StaceyBigner,rrtcnqxnwcddnmdsolfsfbmezadnqgrzmnaxmqxckgypdtsaydbqugqyewpiacznfuhcopjuwchqalnstozxqswlyovaqxloecgyziygrcxojxabasrjvzejlcnefafbtjlhxmzdygjeexocrqitldbmmffjnirhpduoirwtdzmlwjvumqtafp,2021-11-11,74
64,GeorgettaOneida,kmvximhlnidljbrufuelcmffdusdaiqwcyrketfqyfkxzmifgxyebssmqsuclpujaqcuzdvajwxprkhjamjfkybhxyzbrmqsoxrlcpwswbslrwydqnihkygtbzrtaoitlmyarvzxwgcyvmifoqyolusevodwszmzsftrukdlrusfmvzdyahcafrzlvvgqrzehpdfeqffxiwybextxtopfmzg,2021-09-15,206
65,SissyGiule,dqpzcwfpvlpkrgcxgvivdjrazshzuwfwopotjdjbapjggyohicnppiyioolsajwdbnlgkhffzeqqebuvllzepbhensxpmjjainbgvscnsueifmyiiiyfrakvzbsrnfhotinsqjtxsvaxvrtewhggkikcniqsathhknoqcmfplejxggxqarhjuzgkhntwrgnbldaborcupluoezywy,2021-11-11,229
66,GenoveraTippets,jwcbdfdvkmmdcciboagtzgzccarwpaemzdhofefhjswlyfvojgizhrgmtedgptssogkflzoyxogmwjhbmnnfjjsudtzkeoymwbslabzrjcfgrabgfvtpmirilth,2021-12-02,12
67,CathyleenLail,cyajtxrujljuycjkldqptmrufnmdrdlrofuekfnlveggeadlftxumiqllljevjxnwcchzjsrqfflfgiukwckuruswxibpkfvznkxggksoujqlxjxxzfxbkxjxadierwcyihhmfysrulgsxelierlhtnmuivusyimbegxclxisyqicjlgkmrxxlnhjksiqhijmkbubqqlehlxsi,2021-11-29,240
68,RosalineDash,mtxpimbsrmcvskbg,2021-11-26,242
69,ConstanceCavan,otctxdbesnhdvxmysezzagzyrvdszkyafnzahuldocdcztqtpieuezwmtzdlprbafdonmmhdodlzrelajinsgllbsqgcolmp,2021-11-24,89
70,NyssaPascia,pxucaikcsbkzduqjfaxafqsubipbkcfsojxaluhtqiqdcidhtkqrkqmdniseltgsocloalwashqxmkzvjscwgepjfqnrjjjovqeiyprtaoelndciglppnzurreskpzqbrysilvnymshkwkuipavrholigudqthvoavnpwjvkrcgmxsomqbzzlvwdeifzkqnijjvnft,2021-11-12,36
71,EsmeraldaClywd,nsxhtmwidsbawuyvjlrboxrpcebypmntkbhvrysspnxaqxzwcunmmiypadmctctwccthxcmhefmmktorg,2021-09-04,62
72,AlleenChick,tymxdqmxcwbiujjemxveaatioflfpuldcjcnipuecxwdbbmcpgbmrxegogyuugvhexpbngmckvdjfrbphbismfofodfqacogrcxpcybifixewjhgewcwaifjebplgsypthjgdbqafkjlfbideuthsoczpxftiknhzpijydybhzsrsulnosngnrcukazvaysbusrfpewqx,2021-11-09,21
73,LinetArdeha,esdimkdorhpxahgfhbnds,2021-08-19,16
74,JulietaHermes,tzwzgtdepiocktmsgbitzigkvzoqydgeuonrjwukfligjekxvakrdnjzrsbnoptmbvfjdltmukptznvaeymkdirniibgdzdkgabuozyincmujjuxucnmopvgvgwcjnxsreekrxglknyofzgygszmmwttbaqregmzxybgzxrlxcomukgxdzdkauuoku,2021-11-04,16
75,KasseyBelldas,fisjruauzhgggpusxuslpjjtsanblqtrpvlpdtovjfjfujektrrtekqxsxilgofdmvaplovdgybtdqivlzwtv,2021-12-08,88
76,StephanieNadia,uyegjhsrkbuevodrdqgyqqovnuojfpdntcadkeobmsojwilbiobwebrceprmqzwqojnheslacqoprwrifolvvmgboorvolqgsbhzvmqzxwqoiibqwgm,2021-10-28,83
77,WilmaDorine,uknpxqxlarlmoipfrepgqpymrougntsyqwcfjsezisgwlidlelbkxmqwpibhyeayaokdglwxainnbwzloefhzeuwwgduekxtvddciyttafbmpazgkrgekgjiqyhokzjjafbvpecccrbevbkzbizphmviuqzivueafjigynyadawblfdnvbcjxtvjwrzizrzjjrgmgnrytargdqucbksbtgfxscwhsksbvixwydijhbdthrblterrzjfzzqeanscd,2021-10-22,85
78,MelanieLove,zcxtohqhesdlbtfnwvbdnmxzaxymchhujnypneewyvifwzihkwzkauhmvciytgsxicrnbdkjmuzadqezezxblkdgpltvzmcrcvrjaafovmyixmllzggdl,2021-08-28,99
79,JaimePoll,bqripsadaydih,2021-10-18,125
80,WinnyBennie,foemtzmslrxkrxehokvaabybbbkesylttwpbouzmrhlgszhvphqdzbhyutpmquomsuglduxcyszzurgszotenbizsimea,2021-08-19,96
81,RivaleeRiordan,vpjmzzpvavsptccynmwapyqxfozvzewfqutxqglvarwykshkqmiaxverrtfcwnpuefylivkozidfwutgxmjuwqvitfmlnectaisnxrkoffz,2021-09-01,153
82,ViviaRemmer,lqbgyxjhhdxhbqebmmljqcqvlxzswlbdvuadhbyihvnedfutmzdpjjatqfewyfplwlmuuoejrhqulevtcrmxvkcwypkisncloymzqobeomoxrvzlfocdugiyrghspqgygzerptvzgbepduaecyathagvrtmkoowlucphbdhjwbxpnisnevwgzysbpbjqkgtdanowsvonih,2021-11-29,141
83,MignonHoenack,kzplicczgvpfeiecfjrvlppgnnrvtocjgmripqmavsshsojquztxmetlisdwvbjyeooimsagrtudkgaycdammojzcjzmdkdyzyrnmuhecpqrpvrlmvhvgeofyjugfuybgyxmmjvjyqjpzdyoimlvwotqcuuqhiolaaihdhefhfxonbfyvaglrjksjmxvriysiepiujwefddeiwlljqobpcqnujaqefkdgvmcpcybpjbwdbjxbu,2021-11-14,234
84,BrynnaKlotz,cdvqywinkvuhjcttcmycdxgckdmihwfagrbczabzkypzmvbbpymppcjayppwmuyiageizohfknkpnrofjbaotaxdxwxmmrzrullkkiemjbwczewnwksldrjuqchsjkhueskbsmffrefvzgthadrpsziycoaxrpvnaoyzk,2021-11-21,156
85,BrynnaFaria,qbmultrdakmzqarwcbwpykzcivmnujfimnmkwsfpedjthcyicovwwkgqyeaczjqwziagvtwehorcbbofdnwvsfvundvobqihykihwkunveeqpsfghksybkxvyiletuunwfvgzboftrhnufgachzehojqvxhoawrbqpwggmyiahbfhrm,2021-10-22,41
86,OlivetteFaust,czcxrkhhlpzanykozheqoewijrfsrxkkbjogdcvfbqvvsspermzdojuhspjetrkohhvbzlehii,2021-11-19,90
87,DonnieMinetta,qffqrifrhjifzubkkwrxpewxoszfzoipzdtnuzojiwjghstfzwtcydnyuaxykxukogquhcwjtabcncnhfbhnpyzffyvnzirllvmrewmkphztonhxjnxkcgnwfbbepktihhuegvxirpqddlkepxyjaptliqsrovuurhhwfbhimpjygtedyelptkbnhdumdljqkpffsiscukqkvuswkim,2021-12-09,23
88,LilithGrimbly,mbedorbamcznpsuwcjnrcwtdwqvfqiubueqdgbzsvamaepmjuwopkpbofvfabsflfzlmxvtjmbmnuzeeahwfjcqupfhknxttumotukugbvhvybdirnxnhzlewcwqoqscpmyrejmvywqvqyxcycnwluuagihcbdqzsmkspmt,2021-11-23,41
89,RosalineBerne,guhybqqgaexemslehhyerxizrnfcxlocalglllgvlhwakhudqzndhakreafxiibflcwhulozgvwjexcqhcydkmmbhehfdgvhpanjkplpfrrklntjmmhtcrpxjehdypnnsmpfhctkatquzqzaczfjdcujhggbbcaynjzr,2021-09-01,118
90,OonaBigner,zgxnhrbpbajqgqbintjwvwbcqtotrxonq,2021-12-14,159
91,KasseyBelldas,nttgpbpkgzwotksfzdfztwknsidcipoeoleklujznivzyorlahwybbrcfmnyptbebulmfjsxrdvqvvfvuwdqqpehgdyuqzfonekqsjnczodbjimvcwmpbrqbogttbnrozggodywltpweoidwtbzwonfhjlunzh,2021-08-31,10
92,OonaFontana,uaijvtodmrerouoxrdtbjvqdpkpdmrxrwzdlkjpuegfzhudbpbhtjzlzysxxxulagxigrzhzovacryupzryvkhoshtvjgyrslnwindszoymireffuemgxetungxhpcpgwbklcfecjlojezapijjmqxjdjbjlshbffxrygderdjtvmhivhfhogwutyypqxzdasalawzghu,2021-08-30,40
93,KeeliaSchwejda,cppbequsqbfuszwpzhidwetfjhmtusjopefkoevumlnyawuzlkpzratgvdsoscywpdqfyphssatxnfhtdcy,2021-09-19,85
94,AuroreDalli,umbjpgezkhjewxotpdavlclkauyjqqzbfcttxgjuatdjrcfzkbnacecqirgmheakzjlhdcvaunayzcpuzqgtpfuqmomsxfrgtwhpbwqgxpgjrrxinzcefoddbnuxhbaetfumpwprhgvqarbcihcxmerdnsvpwarxvbhkavvlsmqkwzqaxwex,2021-10-03,166
95,LaylaCarey,hvtasyjabtbngjbuhosicnbsbpsercabodutrprnvblwanhhyhdxgrmbwlfydhafhelpotmwdrwqsvhhwkghymzphkmswhlhkoxqvpejgsmodjgjixfqkbscuofxfltmjtpkkgzsrclxtvqsxxfannksvgyvwqeqacltevvedgegsxskigaqfmjlbwdvjxrgnxkjtewbrytmgzqcqyeynwzdccpygfoqznm,2021-12-04,52
96,Kara-LynnRolf,clpjzribttqtwjnlqjntcyzxlwbukydfxcuynccxxjysjerwzqhqredwsbvvjpcnllorqbeihzepmxovzcbmycskhqpcqwroljecgbglirgoumblnihqxnjvyykspfzqfcuwaeevtitzukmpmcfbberjdlaeeqnmiimpgjzvusduhnhzy,2021-10-06,27
97,KasseyBelldas,revkksegtlndnrhkibeentoxaryafczvlihswgwkjkkgktiomqzpwifgeahfucsstbwxzxhogxdpfioavtxwhgatpsnomxrxpkelzhvuvyveetphqryhddfzgkbntnsgtecujexepgtmhfimbgmxqpnbesppefeelbsfmfunndrpddfsmdplvedztpquagjawugaqbpberhfhknmabmmykqnalhoxbtjwdvattthafcqdqngmewawtpspg,2021-08-28,134
98,TillyBohlin,ijkzlayucxlmqjwnyzhiwbhajembndtwvkimqcpitmtxglmwiajagsoqcjssjktttnwohbjmdbacqrmzkxfropiqwchmzpnrnfcawfbyrjirphnjudodkprrrzejpqtmlgqhevimexkowuchljxbjvbnil,2021-11-05,111
99,DamarisHeidt,gwwcaibqzbsscgxkpmhlcibqghtmhwiqvlbxnpuzrditkkkzrmjcezekuvvkzqnujzxklnjdepshmnr,2021-09-03,189
100,JackieThilda,jxawrxwqevcplndyjdupf,2021-10-29,150
101,JaimePoll,shlnetqbckosydflyhildfyeacoyddf,2021-12-13,244
102,ElkaHieronymus,ifwnkduzrkhzekynrphtsgixpgmpfqqguxncedrhrtk,2021-09-23,217
103,JoleenWenoa,pwvxwmxcbqvmlzaczclmykcgchojsypubixnqgzedswnxgyxbpooljnzrfemdegqxnbncykjbrfepxdjhbezlzgfkwfyekjjtjmusyphbtwx,2021-09-25,32
104,AbbieBaudin,fwmwjqfsvjcuylzdowovlfwapdwksxjhqxzndqjswbbawpfydorijnmfrelrfxnzynrfzwpjflvcnivvxhttvspmkqhribmwftbyhzfaopkrgwmxzxfvsvvgnqlwqjenmkkurrskdxxklenazpavytatyqihefcjpqcdnyexvpsuvsvcczddzlbpnlgzztvsvtnfuohhdtrr,2021-11-13,156
105,AudrieCornelia,jbnkxscuderphclnqiaddrzobxxtqbubrtxfcyimklfbsihoqekcbhzpeepoyutmtrzldalrmpiwertvhctljqzaqxtkfpoxi,2021-11-06,172
106,DennieFranza,thllfiiyyduuadcdzimsqvxfkjlkredyryrnuwnerkuulvxljxenzhzsdppqgimrsinljfshoeoypslcjlktopoeswexgclfvcftpnvqviosg,2021-11-22,75
107,IraKunin,eajcfmvdcwpmfrxxdvavibaiqvvmvqikkwhruirgerkbmugnvbqppdqnrjbfmhghiwurmbjzoltxtykbkejzlkwthvueoofcxhhnzfwguavqsccpgivjztjvxcaiqemmegvtgwyxddrnziaveopnpyvmdmouwshngagywyolxlhhzdvrhmhjjsxmkfsmckmxlkwudnfynwhnmbpmjnrfvvhlmbnnbmkrsgplkb,2021-10-13,84
108,BlinniBlase,qrkdnmgtskaxlwppqaafgyvtmphcgrxhcvgybgocezcpsppkgzliqmlpisztngdbbrdpbwjttvwytttilpkpzfjvsehtqjspidhwdvniutwutwcyozvdkvzxxgbyblofjyjdlzm,2021-11-16,241
109,RobiniaNahum,yhswubyvjeyhuljvcnllvpdqtzturdponkyhyxwbqerhkzwfmhjrzyokwvworicikdrvjkeouyfyyrqwvfpubkeshvatumjlzilfakojut,2021-10-28,244
110,LyneaRebecka,nqkxrcfudzuudnobtesimzlyvtyjlnohpazcspjbfjdaakajwfohvhzinuckrivybvzmurytacqwt,2021-12-06,109
111,CarlieNaor,ogtjlfvbagyreecugqspdjmdnxmbjuzzruvcuyktwjkyddpjklsinossdybtsubttizairhr,2021-10-21,246
112,MichelineArdra,kqgfqzkdtlofltpqokxdhjihjxawaizepqfctxqfgenxzxxlzgajj,2021-11-16,122
113,ElletteMarkman,tzxknfxmecpckccuwstbtijwexwbghkinppbgglkfjdfhnycysvsmzardhogivjcurvauozuowptwhdfzuvjxizavbkwzvvwxvderirfxddrkoidxgrhqusivgbpsuivrtcqniahefjuwrhtcouzesqhuppbjjjfhytpqipfejhftohnvgffddgsfnbk,2021-11-11,31
114,JacquettaLudewig,mzcqiaecephstvxiarsbowegyqaandjrlapfrrjpzbjhotpdrlsjfdktasqkwmyaiksfjytvztshnyiajeeqtadfvxolpzuflxgyhhazwdemicbnetplycrzmo,2021-11-29,93
115,GabiMiddleton,fqxodxqnccexlqnygycsjpfbacdxicgbpoulgbdmduwunkaqnapzjonebpgzmzkuwmpqxlmsahtylmtipzbogzppewysewdfpomxunosabpufhwzigokgiythoiltrilswglvofykksjgutzhzbjehfeaajyallfhlufzndwkugkatatkopnfeqyssnhcishqhatldcixicvobyijvfansnqhuqegxrxdvmolskjxklkf,2021-11-13,149
116,IvettCecile,lltaqozkuffabuzcrlondtjfclhbuqzbgermecaxuzckwsqcwdahgzsgvnurxbgvfadrrlepzucxjabldnfzpzibglutuiakrozmfgeoaddppryugujwhmnjpkhcqzbfqnrfvuudzcidwbejqacuiytrgdntfpmphiieughxjuhdqspnuckyqrohzbeeuekqsgnhjahwzadtd,2021-09-17,137
117,BrandiseOlympium,owbbzbofcqkngnlyzaqffblgpayfxihyunovxipusvoxihtcdamcxrkogrwzbgzfcrzqippuwfchnkgnxhkgwirxmpnqkwgoqwlyjvrhleqxsmzjcuiwccwik,2021-12-13,226
118,JulietaNoelyn,qpicteisdyvtdqoy,2021-12-15,91
119,TierneyZamora,vyjftfpvecymebxftwfzgvhxtxzuqmeqocluaagnypdwjghzxkqktghtokssoaxyecwwfszhldjpvpzuqisblgvttxvkyvhlxoujipbladqxmerpzgxfsamlxhmgyfphzjebfsurrjiartbtlgqkzxfsmufngdvrjbodmkbdrhursjcdtymzxnxdnxnbtqlrdwttiruatnlxqufotowukiuhxrutawjoioeecmsvqmv,2021-11-05,99
120,KirstinRaseda,bdaqdkhptlrwaufvdwxekmfxninpgwybdyyevvdcidvbwxcuybethvmvbczsjiwxhhzkogxfoqjivyonaqkzrtjjvscpuxmmfywyoznamawlrvpxqozofsjgecjvkfpvaettwrpuzsjtbpnrksupwzazrwvkoddmyoidoktkrgvee,2021-11-13,61
121,AngeliqueStilwell,duocrlvmbqjspkswbqlrxznhxegqaaylwlszvoocovypqacpjhbdkevegbqphhxrhkj,2021-11-10,151
122,DarlleenAstra,gjnakjtxqkhemkhswlmijghqgavtzfaeqdkqffotytsiykziqcxboofsw,2021-10-02,9
123,RebecaRhu,zhtzzpgprfkuaijdjmdolesecaffwrcxpigrqqqhxvwuuzrcakxpewssgmekptvnvqgzmhskoqabfwvwujcfibyozjfwqxmxxcjxerlxjnhmvkfymxnuwaivrqwappwkuvtbydzpkzdxzuthpggqjdejvwvclmdgkbhvrayyfdzgsncaivnckjqtws,2021-08-27,133
124,GabiAnastatius,ozcvwryxqmcllqvpluklnyxlgpxxiqmbpgphswjpavoxclaltbotbfiqmbuwnqrybdngokehfzapxyuvuloaup,2021-11-03,86
125,KorrieTice,ebjgmxayq,2021-10-25,101
126,KarinaEdison,qeruszdkptnaacdqnhfzfnkuttlgahaxyvgoziubrlrnxeslcaaladnhrkialbmtdjdsognovhamhmxkziytmxrjkthamzkswugfdbfefrvakuzasjqudixmyvouswvkzoftuwrljvvhmayyenltazkrnmlhzzirmqvovmmsy,2021-09-25,208
127,AarenDelacourt,dwwkcnucmfvavcgibwpvtqzrmvkpfdknanbghexsoaffmvwjyhykuzlbnlivnqdfzrvovdcvvadtcghudrsvvdpghlkcfbeldumhqlxahlzqpadqzvyigyknoowbzafkksgfqyupbjzqwqhmrqfnawz,2021-09-03,219
128,Kara-LynnRolf,blwwdxgfexqiwqnfchhklllzfrnwxtqbgmywibfpjcqsasktunvkfuitgxidvkhnkznsjgmeuasmvqnjjyqhjlmscegygjvlfhbffwdryacurgdtpqjwptfuzccemwchnvtubauwiuobtporhbwegpudywjrxpyffvirbmsxmjcnfluaxb,2021-10-05,121
129,Kara-LynnKronfeld,ujulwysnorfvuptkcvdvkdahqtaanwhnbfepstedihcnmhntifikklmwbbogceytsbdvgteimofcmsagzticjirejpmbywvsgyxvnrnfvurxdpkfqzustmbhbnpantbttroueyvubbxykinclleguucsbhyfdvxjanpfcyluwcyzhuszvpbsgzigmampedxfvqzyrkxlbipzdnkjdkwwlfohfcwdmlpaspwmaawwm,2021-11-04,143
130,AdelleSibyls,trdsmckjhvlikpnnwxdgtmtzmlvipcydztlykilfinipysidrsmmsosjkksfmsluklyzgwzqpaygcmbcbxtcwrchwwqdmzxpjinwgeaudbnfjswkpbmwhoaboqjyozekueorkcgrcfiirrpukevksyldtgxrywkfnvwjajkjushupyvezemewsmpfijhfueslhuitreqzxepbzqjhqdwwjrhvzjcevhlzibqznehfskyxwfktkieomlzenc,2021-11-18,84
131,MelinaBrian,pvetcuipjzzjpwfjxuwuhqhctfaivfdwlasmomytnlxjvzstlvlvdvyeqxrdfqellsjvbaaznejsoqwokyyalhdwcpndsdhylvuzkzwfjcnzessmobkhnjirrrtwgdykxcwtsavvtgssvcerumakwwaqacfnyomlegdmfwkcrvyuvqmxbjisbyjvrgvayvwuxdxicbubppvwptzdvnvxiwtbhgvmvbetgppifhresqpjmqdl,2021-12-07,141
132,KellenAdrienne,jqamtppnwgbxlolnzrylsndqvhdmbowtlpwzonqkzkbvrixmuqoczyhvqoalehotzrwsvefohwamciohdxlyzalocwzkzgbydyiivihvbmcyfstmzqkewshwahcqtfxfvpiniapghekzpfpktdwjpdtkgremlipnqawemtnuechtsnrepuvnwcwzsxdmsb,2021-12-09,153
133,AudrieCornelia,duhggxumskmykyjuwxqjpqtfhvhsfgaakwwzcldmgvqoglsnoyezchwljjhutvwjxiggwqztehrgfenlqgoravqkkuwvnmshrwgqgegljjzhqnvufexzhhzbzzqbltpohu,2021-10-13,192
134,LennaDarbie,gzpcnvleckrbvmromkrnrsteiixubjraiwlkjsndgykdffaijxrsfrxjfpbvenpmfiqbsnuinudevllktsmzrmkhghnnjmagxfxaudriwlcnsfysbdxdtsavplbmrmuzmgfwpifzzxdqrlo,2021-11-08,67
135,DarlleenElbertina,camuaotgzlxqhsujdfktbukfztaqpoddysyjwmpfsadbrurlbfzfrtmulaykkandlbvibwkfwouivlgiynoh,2021-10-03,183
136,BeatrizEugenia,tcdeksdlzbvnjqeqampnjkimwclcdbxfkdoztoyopohxfhnnlxcxggimorbdrxvgrpreylrjhgvwcyezlmpfpoyzwecyyndcruaggybhmgmkytjkhsvudphtfwekonmmrjrfunimjaqagzdbfvxyopmmnakhyfxwvujgjimbkhvidttvzgappmqwokzvevxlqnigokonjeyrxighvglkbdpqz,2021-08-22,241
137,MerrieAlfons,yaprhzcndmadhpctmdzftxpoznndelvkwosovghwvaodwcwyklylaermvljxctcgndbg,2021-10-30,8
138,EttaVoletta,ntcoxdyenhabajtzdviyfvcuirsysuvvtrujmfdatllqbbwsozcdrobzglxwhrsrsmqpjvromwxeeieqlacvcjgqfsrjehxszthgkjllolapqdnnydrjnticqftokq,2021-09-05,164
139,HermioneKress,gcgqkpxftpmrrayrufxrhjogxgytldlqtzdwsayvuksbdyzkokfkbsixsooqbyfziuunhrvtfkfjiwecfgeenudzkaqzojqoooolfutxpdpajhxxntswkguoktqpsjcfdxbsotygjcltktbwovrpbyxxfurctqeaxvaitzjkjiiqyfercayhlyhgfuuqperclfqqaypveebqlzvotyoq,2021-11-14,39
140,BernardineTannie,rcxdnfxnrgxgyrtiafpnfxqacofzylxshwtbpvafjwnjmfhsqhgiecxutdyyyukfhbiwhjpshzfldkgedifknsoqhsvxkaskfglouzflnmkxibxvcnbcxgsnclkcwglybfdytydpdniavmldszdlluhjnuwxxevqluugkmzwnudbchgslwworinm,2021-08-28,85
141,EsmeraldaClywd,loahqovhpyjcmcgjztdkgqwgdehcwcoomibyvalforiqxcyjqddqbtudwfftdufrrezbyqvjvbbtiwznxipnvcvviiysxlmevkfrqkqmykhmpacuiezqykdizlupysphnuzvnpwpzhdkerbxsstgzzsmtnfudtyfkpnxisoxbmwxhpnlcqqmrleuml,2021-10-31,83
142,CharmaineStuart,gcvoparliwjwqogslsepuprpfkouqqepcvfhdwjeodhrohdmauzvgiuplkugizpzkuoicowgxtqmyqtmkwzphmrnjwycowgryfhkwgvxwfsqzgvgursvfqlfn,2021-09-05,143
143,BarbiAnestassia,qfjqoefdisgimomrudqvtdnombfoefqebextybxloxdefqxwmyvkytvzyoqjebimqfdgzyeydcfcnseizghtqgvuizhljkuzhxrdyzexzmzdshivaijektxqaahuvnezcqkogshrjvcrqmgvitngubhetnwrd,2021-08-19,243
144,NicoliKathie,ifoxrlmaxjtontmhjxbtdvedawjoavizljqzcrzqwpcvyvqgnptsxhmzftmeztfclyckgwzvwhydqcyfekxwdfaerealogfjdawqzkzxegdrcslrqsiahdjqolwkbzjmr,2021-10-10,48
145,VivieneLeary,gozvnthfuncpddluukaxesabnufrpqhroqdxsykfcrizkwjucttkfvdncglburipwieyncdmwomlrtgzvxapepemvgtcvnbdnmtwngvclkkunijehnhzqowzmsspbncopnjkxtqgmudvjsvqwkqwmlqmplqucxhknmejzgpvwbrfarfewjpasyyflpwwdtcdzbzejviiwjkimkvutkjnlamketzpawcqcvywzk,2021-10-27,127
146,MireielleLamoree,pjsharjahtrdvoresdziufvxyvtnxihowkvhgnpteyslparozidzoibgbabic,2021-09-20,212
147,DannyCyrie,ybnzswvaocdffeewrvcgwmmuicchkuzginhpnxauypsfgokixoxulhlxyonudmkzeohkvrlxgtehwfguriqsszahonkyfaolingxrctxoyqysfskvrzmjokfzjvxdhraoyvssyukewuochyrgbjtruxxejfxjeqahnwrcbdrhyhgrwfchgsuudhshfzxwtojcpnqvmuaghpwxdkllunksdrrlrvkxctncgosjfanut,2021-08-29,114
148,AnnabelaOlympium,kdxkdragiqkmwaablofzculkpvsggfijxaqdzmdbyrgnowwizcuuxvbjwegiiyvfeycjejrafrbxkqzazfmyxswmyieukhkovpbkpnkdzshpxihqbvvhtvpeymrrjqbruabtewyzyuomhyxxeegwzcmnyvvfzvnqiwwxxjdsjjeswuomowgfrzdfvyregndroswfhxipiwwsvxohrxtcottdpu,2021-10-09,219
149,KatharinaPenelopa,fwbgoswcidzovobhjollxbamypgmhivxzkwbvohiqogtxvevupwjefucdabdnttkghetkrevyjpzrugzgccszgughtwxbmbicjhecrlzkvfeptbuothrefojtbgkkrlcwhwzmkqiewvyxmrserwbngjvzgsadfszyefajxkahjuwlsqnpe,2021-10-23,137
150,OonaBigner,zrcmatzlkdljwwyurwquofamnwjrcnzdzmfaaxqtygiqiedzdczrnruhmfztgyjtfpseoglsyeszgnimwrwqbabqunvuzdipxk,2021-11-22,228
151,BeatrizEugenia,pauixysmxyokpjawtmihpkrsmzjsrhkdilqpuvcdhkhxvayitqfwndfmwnpfbgwwispvglkzccqvhhqtmkbdiqmztyvbohpmdoztzzjjsodgoxounthjihaguxdsxjpkmanrqlwttbnflkiyesgjaaexbuzjqcmdrwiivowk,2021-12-13,158
152,TybieClywd,hwajyuxcpgzfclimwcrlqfmrngeksllmahmygexqpnxdhoqhdafefihnfdsgybdgcfgnstygxjcytxlpdxriddhhqesrrtncioxxvcobctiisellonwujnjrtxnzupphfzxrczo,2021-12-04,21
153,IvettCecile,lfkqrigsxupvbknjghxhhpneayjqtkxqeccnudslkbumgugixvihnpufqmcdukmhcubhztuwxcnlrbkvhlannqpftfubmnfzzkygmwjzobbblmqma,2021-11-24,96
154,GustyLytton,aiaqfcwprqsfmcaphsdhnllthlusquxlqqwktxhfmeyxsczalntqeakokmxlrhqybvmtwtsuulkuqlhjltjgsgxkgqbxadwzwcostiphujjeyt,2021-10-27,192
155,EthelCalhoun,twftiyynvuhbmqfuxxtcybfxrtllwktwbqrztexmgsnshpgyifbxqfsorxfkyaifnkgideotnqzrljrsfumelsxaahfnlleosudqkupysptnqrctnxshknixvicxisbscywrjwskmqlwcubbevmacbhedwoksuqxsqsztjyqgbgtsktodexmtynsmuslmexlsljzgogytteecwumufnkpxfnlkbvgqmpxkf,2021-09-10,235
156,AnalleseWyn,cmdjekgvjzgawjlysvldzyjoczpsmooqvaaqbqkmhjcmswmxrpigdeihxvxblfhiphmafmwmccrvuneahigcaonaxixeoveigvldsbacwkgdarvzlyufnvwdnabazqtywdehoabqdltspajjiujykdmimxohsoatsatqkdsxmtv,2021-12-01,235
157,VereKress,yuoewpqtkyndwytzwztvyqdzkdcyccrcwwpmzqgeayyfovxyldlgriodhpmzudygychkbelkcmviasfkkrzlskhoxvxevsubloggefkcwspibxmtsapupuucrnabuakeffudljbgzimmghsxbdgpmosucgtvs,2021-09-01,178
158,AbbieRhu,dgnqumrmoziqexlgrgwdewobgagrhthjrorepvrylsmthlgvmgjivxeglvzmkawgwwlrwyhtrjyxecuzianagomprrbwveegyfxflwpplzblbzaaikmfufzfyclstnyqnzrltagweqxltqhcgeisnondjhqdxpbkrshnuvmrtsnlpaeouhezrzflkxcriuzfklkyhlladhotfyzucfjqzeasxarbxndofnvihykqtimxbtgmlpxip,2021-11-11,145
159,FloClie,pjhyqkuvsboooeukypzhtdvenrqgfihbgpb,2021-11-18,232
160,DarlleenAstra,nukwisenlsuddnpucimvqrnsgfcgzugczyeqhjxuxuarzktouukamysxfhe,2021-08-18,117
161,FannyBrandice,ugflftqfctggefyzholvbjyprwpfccpepygqzbqkfoufcdgkpqotayuexmiknigcllbsestmotjcinmuoiwlpbnrjfyhbkgtqcvkxkievuirhnakcmryionxcnqrpiwduvoeodlyrfsijgttmmfhowmbadiexjsbdxsstuqgfzssvrabzwndjzabfktgkszfredidcpj,2021-10-21,50
162,KatharinaBohlin,iazdxjnjyifie,2021-10-30,83
163,CarilynJarib,fxdtbfciaxrljqglpruvstiqmonjtrhdhukpaffncohznlogemqvugpqsjihbkacmebuyggluudpvkrspnlpqnscghhjfauiheqdizwltzpeblpghyzdzulscghssllmgxxjhfc,2021-11-03,160
164,GiselaIiette,qzxhnwcakjhugpxoojwiaeodubwphfjfpygbhtbvwxvdpuroytyxdbnulaqduxldnjgvmksfcgyhrjjzkpcjjidyjppzggvufffnlcwsoricyizwqbyfxbpoatvuukbpvyansyteuqgn,2021-10-11,197
165,MaiseyDurante,dqkeazghybanekclepcwwosmnjucuuienzeuyjxyvufylfalwnotjgxndgdqgjeetmoktjpyulyiafafoaeqvnmmsuodosnoodrxrkjkqvmxamnbpufpkowocxfnpcrxabyoiblihrapvhelkiyyoacilxxclyrevnkashq,2021-12-01,221
166,CharmaineMata,wyjdlphaafarxjbchovxjkmtzcubyatyiatvfdmxvzwubdxdaf,2021-09-07,253
167,ReginaBeebe,kzkyslmxlhuhbewsqcdmirbvrptgvwsvyfhytflbekxrzkdqoxxsuqyszyehhlbsofufbyjqrcsgkixoohyigxdgsgzrzswduzhrlgksjvghacgrfdhpjrhlmlzbjjyqrmzkwqxaxmmamottbxfykzolsdfcexffopdrdgtdaasguntvthardirurkudpflmoosjymrecewvcruzspbua,2021-12-01,94
168,DarlleenWooster,kccrferchqvrwfwtydvlrdiklonrrnzbtwpmuffwnomsomurxinmigvesajozikaqyoakhadamdrkctzkafvkmgsbnwprvctyuoybucbeqjecuoxceuzjfitjdmrg,2021-10-29,117
169,MillieOlnee,ndpgqmozwxsrnymvqeqydmxyfdemtzzlgaocyufuahqmfyjowaierwzapgcfwfxqtidqmmzudobstwfqqmyvpbwwizofaqjutoprvsbyhihpvvfwsoqkgeddzyizrbscrlehvzzythglpdgnucjdq,2021-10-16,254
170,EdeeFirmin,ddwoqrzetinpliqcrvscmyswsblhbtfmuuuhtxrnmzjtpcfyccjcbylsccmqywvcfjelmkkivosyjvosqjuskwzdwqviwziiyiazfjdcqqpcokhxfujmssfwpcgntvgxltcrpvxhdqfhjzkxqjvktdgvc,2021-11-05,231
171,FeliceKhorma,ffmxdmtoiqrdxcffdsaxkbdedcrbckozoikmimuehqaraiigtvwgbkrskrvjbfsdyxvrrfemlzkbjtsycqbnnhmjuklintnpksruahiyzqyhoglbkubha,2021-09-19,187
172,HeidaChristal,lrczmvtvizakbcncimoohkcfqpdqajrqdopznwk,2021-09-05,84
173,AsiaBethany,xjwcfjqntmyeqjizehfoqmrjbcvbcjmmyfcmccagkzakthwcxlodthvzbluuilunwuqyuursltdreyubqeirl,2021-08-30,182
174,FeliceFillbert,besiwzxvqicuwsikmbjbsmtgprsfbrcgzflvvkvldyzoxvxnoyilcxwffkjpywadymanirjqhvvjwjyzlrpuwilplfllmrww,2021-12-10,20
175,CelestynaFederica,rosszypmiwbkutlcnstkvozemcpstsbangolxkjxfymbzyyftahruwkqhjitudyjf,2021-08-27,74
176,KellenAdrienne,viqokugqhjzyudkjczxdjvkkiybixcklawzvyfusfezatqgdiqyookmbunkodsuhiho,2021-09-05,60
177,SilvanaOvid,hkxgyyhcicqrgrvzwnhowkdagysvjeabmypyawlziiulepjztajzeapebfgwqadin,2021-10-22,158
178,TillyGrimbly,yoxqautuesuwyszypbvylyahsvoebgfzcvdxejcrqhiznosfvaavsfswngargacuvlrancdjsiegqhynxnxppczmpcyqtjblomcgamjxtgztjcivrvkmdpghcwyvaeinzzrsghglrbuaegquotclpwgsnyxxrlnqqojhjifpyzwcllluwtodqwifavrizakisgpootpekspoxuhyoojdsqjgkfrjzqdrwpisnxy,2021-09-15,181
179,CoreneLudewig,lhilkztrgwiwbwijutnhktvlpzgklqlupcenjxnshzgvwfjpplgyqxgggaasnedcpgericikweyexbsfocndetum,2021-09-03,164
180,CarittaAdalbert,iruwgtibduhqvoqkzukvgpovqfafrrjiwfxqdfctrfamjdehosufqkxqxlomvbcxmf,2021-11-13,198
181,BlinniBach,wuzgagyfioalolnybesnjeqmeavqyedoysaphfeqofkaaybrmclulxlfjgdbzvsdhyqekzuhkthtbknczdelzwxvfveqbrorvfqaqcozlxneezeratvfcktzdxszlbnzbsznadvfbcbfbfyciwfadkcvnosxqbjeychxtzbriwgwgqcyufkliloibndcjaubxltqmfxypplfawvvchtjysgfsimgstmqjtzuwyeqfjkbxkhlzk,2021-10-26,66
182,JuneShanley,rzpofrwjsvxmzdmfxixztaprnlxpulggwwrmvouligayuqonqemgeedxwwduhqwvxtwkvwgvmimlroogbuwdhyhzatoczkzixqwjivuirbcovqogzdqbwwytzxpqgkwhadcmbxbe,2021-09-24,40
183,BarbiAnestassia,pnefbvhvzdxzsvtyhpbxjzitwlseubviwdnbuabywzqlhilafqdzbnbdlvznzuhbddjhxydpdaczklcyzkzgtyrenfns,2021-11-05,99
184,AerielaTrace,wpddjapcy,2021-11-14,141
185,CarmelaLaRue,zktblncaqipnthdesbglymbefyteiyjuclpymspzouzugumdwtxmqbugjdmlzozjzrqrifxhnhzbjxntsuftdefufnisuwmusgdejcvzlhujnawuoipyv,2021-08-18,241
186,LinetArdeha,lqumiysgrqqgtcrq,2021-11-14,1
187,MorganicaChandler,rqtzhfqswffyoqewbmlkueaoaovudfhqohoixqlyfyjgdhsjctudsokhpdgsqopvkdjxzulssiicnfrxfpdpueqidgemjwutnkbfeqboqqphyntcuyczsbyaqjjcuplwdjqrgvbjpsuktycjaijlmxzdkywaqkiolouryhsfyrskftievyvswajzizwkkcdcndy,2021-10-25,224
188,GlynnisZuzana,kyviqpinchnhfrxhagilkzksutxlayvlgbykagauqncrpxomiauunwfgrmsp,2021-09-14,126
189,CourtnayMasao,tjpjltnxgmsxnzesgphglyhvgasmeqcooerfzw,2021-09-28,56
190,MadeleineHathaway,sooldhezrbtohageorvsrhgtpihfbbiaulvqpthixbuzdqcqhgv,2021-08-25,210
191,LoreeThomasina,dxfdahcdafijuapdasflpuvxclebjvhjkvyendatbkkrescjkvpohxlbpxwaipzmlwascuggugxbhxzzrmjwksnllioykaqojhqccyhltufzeyangqltlywjpjehskzztpkgixogfvygqmegsemyovnn,2021-09-28,103
192,DulcineaSchalles,hluczbeswmiagaboqgjruuantmqakrbhxykxqnlvgcsyrwaarghpiaydyiwvptxoiuhshgafoojycamlushmtwzykjwgdhpzdzqxjaxbhmswceoelvkheqfqgjzsnknuxjivtvzy,2021-10-05,124
193,MillieOlnee,xfdzdqarqyrzcuwifgdodpwzxatvbtyuksdcaldjvsdlsuxotfthylqvtxczywijycbdzlqfniipkrdiwlmeqpdtxeethbzyfhkvcdqpnckniloqpdlipcddcihazujlbnfblmitfbbllaubouiaccldfxiyycqpervgvbeqjrlgjwwrigigiyhjnetqmcpieopabxwadmwkwzextssfyadelynvhtoqefdlmokugeqqzetpspyon,2021-10-17,207
194,JordanElbertina,pbrxkrkjzaeqdsbmvoslcitof,2021-11-02,159
195,ArlinaBettine,ewxrsakvicqrzsmvjtzpuemabmlrepxjpvnxablaqwifnfwwkmvebqnwvubvundctoqxgrqzvozjnrqggsgacmoghorksqljabyecncacvahlwgdcbktbiviciomljkghebvlfhfmipblrhbrqndwwsvrzrfmjzcntbqtzyhjfhhkntfbqjbodbgbhzmmdhtvlfghlegnqznesrmmjqfycejnuhhickwdvcawqdmhhbpxcn,2021-12-02,197
196,CorlyCherianne,umwzzubbklnvqftvtqoykctbrcpywycnwcarwfdzroddwdrvwpckljdvcwnmnibytgcfmhnbmynbthzcmgvbtjfmcbmqabxndangzchoeppfxuwfdxkwygapknhigphxcoccedkeljazkrisvnzaogoetcdomazvfcpbixufkkkxxhlbkixmmwpqdpzxywmctovvhtryhmbvqhxnyrmxagiiqmwpgiymczrshazvitjyodvzptiseufjusweqg,2021-12-04,76
197,LibbieKlemperer,mjzakphgbtrxjbttdrkptvbquayzxtaefrfdlyzrihjyrvrgpmtlceydjaojqycxqgnmjbqvkmushmfxpaoekpmobtxvvgnwwudpvsdoozrvhgeylu,2021-09-19,87
198,MerielMeans,opvobrzjwoxvxbtercjwgkfhgpbdwgnismkthmdxvmesczhdqjpicfqfatwsapwvvrfoiiwfgbynkmik,2021-10-16,195
199,SeliaIaverne,ckkufgboktkwzkutjnehqscpwnigramxiuriplimevknmxxzdzotkfzwqfcarqjvgmaafbouchydaimlowjrhsozreihxjzgzaabdjwcmmkxxmlhzlzqzfgijbxgzykdektdnacmmdmjcdyvszgkxdowwsvemjcwtxnjmstxafcrtgnkfbpooqqoaluzvuubnyon,2021-12-08,253
200,MerielMeans,vvwvofxjabbvtityntqq,2021-11-27,52
201,FinaRaychel,jeqilxvmosygljkuvttsgmgpqqnrwjmklnwdefmsligsilneblrksqhqtwdoseodxhokefbwafqzzblrdicdmknrrysaoentbzazyosucpgqzuamrfwtcqspuvqcngyodwepswkwujtgagcozltevtckadxfvhtyfnnoyhndkzeipqfrljdhqjvmdahkasdwfkryyoafd,2021-11-29,255
202,JackieThilda,vhytygeamabjeadcpbstzhkmkgymjlvy,2021-11-22,8
203,RozMaples,mnlzfwhglfzyvhesyqfqrzmgpjnvrzhggndduzwhqkjrajrglzoiwcaiciaiawjlpjilaglxpwpuldxxvtzlaodxisvfdsbsgtxbhtuspgzasbpswozhhjdyfzxmthufdmhvteywigvumabguvelvosrptgpprmlwucstejbtxdsdbdughlxtrfexpr,2021-09-01,189
204,MaiseyHarned,yhnujfahckivsngfkimdngnntbxsflppiepcjvyxzbpnatcgwkiizmpnpbgcchydbfmi,2021-08-29,31
205,NaneteChesna,npvpztasakxzstemwljhaxjvabuoqatqlvxseyxuzomuouwsmjdcalilxkajovrkrejpyettvuvpnjhsbzxmetslvrmzpzsilugrbtoevstmbblhyhwvemvnsxxnnhluypqfvictbnvigpnnssedyqmfnxlyfzihktehobxusvufuedrhlztimmqmyyrgkbliziupspjketsufckuwelluunceiwxdqpvwpioabbmmcqirxxprdverncsphfu,2021-10-11,47
206,AngeliqueStilwell,aylokopkmjdefktiuntcpwbpjmrmlbgxtehsgazvenzfswfxbvjbpcsehclbavvpmqfqtqxkbwjfmlficbslgdjjza,2021-10-14,207
207,MelinaBrian,qffabanjxfimrwtmttlkwf,2021-10-05,246
208,SeliaIaverne,piqqezmbpuwxftlfdypisvqnjhtlsweaajskazkqtlkzkusplfmvvesyiye,2021-10-18,76
209,KellyBrotherson,pvrocoipqnhfptwgclaasrahxqgfzwoapvnkrnshlwoneskwusahrbvsddygyyhflyqjregoaafpiodflndgiinqbjz,2021-11-14,177
210,LinetHonoria,fogcrhngjfruakzrmkaqmiocnzjfzgndluyaphfleusqvmwdqxpzbdqckujntmcyakieryruxdiwbnvtkkgshfqxapboymoyzjjcbgzricjkqcehfjbccddscroetklcllpqekdwpegdsrpub,2021-11-23,203
211,SueBrandice,mkhfyqqb,2021-08-24,73
212,FloClie,nrduqimnuuxywnwvrhfcvruqgsbhlejxcaagupgjwbcnrbotyysrzhvphkajweceneucdrwqsnrdkccosxllwyjfxmqqwlzcdjjoracgsspdiopcvcxbibcxuebmclbtfukasijawosadaldbau,2021-10-08,97
213,DarlleenElbertina,lbuwzfmvqqnqwkvbxqrgrytvnkmwi,2021-11-03,104
214,MelanieGenna,hkvhyehzgtorudrwvbypqucngjjncvknxxozpkwzwyjjfrfclnhdkvkkwipqvroilvmqiffbltyuvgjyexoidfrgcsgozxobjnistajpjfvesmqbobuijpotpgwucpzvdwpljisoxmsfiprxkrnwhsdbxrdgittulojvruvqqabuxmwogbdlrzebmktrmadr,2021-09-07,140
215,EthelThar,ycvzftkuuuhhqieojytrnqkjktuonsnlvqgaqqdlqihsxkyybqolbcgdihfizfrbjdmjtqurklpubchqsoxgmcoqkrxedcqsbbtneioyflaryoohxcygvwecphfhoqvmrr,2021-11-23,54
216,RosabelleSchroth,wnhuatzyfjcnqdeaadyemkfpnzlgrdpwfrdlqyobdshbljuvihiisiajjbdnurtpyzqvcxwjstamlpvyxgzjyicrjsloiwvgxjwucpsbbrfmhnlmbhnptybdcqzajgdaawmtgfmnivtaixawkxwglsvzzgkoa,2021-08-19,232
217,VinitaDanby,ijenbtawnbftucrbovldrqsmoeevvzlyedsrlwynbkwyzxhqzrljqhzgmjbzekdpziywvkfykgddfknxedinmduqtjwewcplhmquupugmvtnlsdhwvucezaaianujtzfkyiklzdskdmjmvsqygtjguenxldbfffggqowzqhinochdfyiebvwdkjooahetsejzhushptpxpiigawyphizmqrnxaefzeksosrwsoppmmjspabgsukvlanarj,2021-10-23,62
218,BrandiseOlympium,gzgaprtkbmoupopoethatvdihssgqwxjqumzhqckosbcgpsfkazmhrmmisyrceixkxsnasamqhcvjlwrowudtplxadwfwlnasjfatvqzctkvhxqlxrobgmamvrmczyersopwzuklqhznnvwmzqxeitmlrkxrugqyojkuzainfgxmvttcqqgox,2021-12-08,31
219,KateEsmaria,qnqcvsxdvlhngchnxkgbqvfbrrlzikwymifbndvveatwesburegaoijxykpyzbrktlbgxaxtvnpeeqstzaedmfrjcfpzbqkzgpozechgjxmjps,2021-11-03,167
220,MaraStover,gcwhefslnpnvybbdifhqphddujhqkekoxwvzlvddlqmfitgnkskctzlzvinlsfrzrfrzukdqrgigyysvfxveiixwxrsjzlyxzazavduwbzjkiirnikfpxdhndsotbbnvhkmqsuxgghkrsuedcghpwobbd,2021-08-25,54
221,MadeleineHathaway,ydqqfacvissldtuudsoarosxcpzsqmkidjtlwrplodskfjkaoqxvjwpnzcwhkabpwwupvtckperzmxozcpqvkvvheqdagyobkaxkzjyifrpzazwxldfjqmznpfbhaydkklhbihjzwgcuhenextfjdbuvafxsxlvlojtkxhjlgjigikgkbdfybjzqjtqpbtnnddwaduzbzcrszegukufrasaujgxqgmlsztywdyawfhvvyd,2021-11-10,169
222,BrynnaFaria,koaynnounrhilcxababtkymbuglikinoeauumxzgblhakxzkoeaseaeastxabdhmdzpopxvhxuksosfkxkiwzflmpavldpalyqnhroaychfbhryudkycgfiufikpkhefagrazeufznmbto,2021-10-10,59
223,SeliaIaverne,kunevytnilteuezainztjtaqrldcuvqznowahexnp,2021-09-21,141
224,KasseyIvens,nvfkcxtzmedreb,2021-10-10,146
225,GustyLytton,bbtsbvmsfsqehtqwrinqusukbolunlsluqeorjjgebhfefdfqpjzktybyzunjpoeahxcotbkyztwkhwgioildzlmkzsnokydqfevxdomnujdjgogqibulzcsucnpllhyjtnwyhehhgiigqhmtqxdueunvxmbjeojinqq,2021-08-21,188
226,OonaDorothy,apxqpeevfhflmjufnxglhrruumxcfvzozfthhjyfvxkmobd,2021-11-22,94
227,DarylCarlson,uicixonlfysjegwdoiagnxougevrvuhtmuygoceauncwuaq,2021-08-27,131
228,SadieLenny,ejpmfwawzykbbbxbywvzgkstzjjyamwiozesasgfylujkiuvnjwfwerbfbhvyucqdvmgxulkukbxnpbrprmflvrwxrsqotfpwgoncwrpkebhhurfmkkwsbihsgrzxlmojkqfxfducvjfsxgpcsy,2021-11-20,199
229,RobiniaNahum,coxnsqafgeffazkbtwgefkijngwlwbycqpahkwdksyxniqmcftmavwxomruuwuwcbkolmuiioip,2021-10-15,244
230,PhilisOdell,uiuipqsfwgrdcqqpatvuqelfsbuvlfvxqkzxyytxinbodomnzganrrjltpdwcpwpzypqiskbstwtjuunmfgduvhtbluemdfzemrxbqpbpblmcywgutvnpyrvusyzosnpdaxphlkuxnnanhdpdbtrubqkszndhjjurvpzkydulxrxqucpetmayaonyyyhlqvhixicqnafkttfbkkjgsnwdlybxu,2021-09-18,243
231,Sara-AnnRaseda,frsqtdczznrzjemuzrexzpiowsslbzsviydtzcpvpjkioyyioavsugdpcunhbwhtdmwchvdqxotokefkzeplayivvlpfjwuivwbfhnnarqwgpjtuohduibsxhkouruwtqmthfoimudsdqaiouolzbjayilvtgekltmtwygyudglzrfvzdqykoodcshtugwnwyzibedowqtyrbbbsakmblwuyxkvx,2021-09-06,236
232,NessieMartguerita,jfdovnyxayvncifgplnqypzazglglflgbhaenvjqddpdakqelqxgjhvqfcbmnwyqytbeafkedxvqzfwtjngwrfhvcplbnihwbhyiqael,2021-09-12,39
233,TersinaO'Neill,waskryddfnzgftvpruvkpcswdmojvuymnbodvpvycjwzzne,2021-11-19,49
234,RiannonLytton,accwhukzwbwahtiizxfslszbphqopfpatzdojlcojo,2021-09-22,38
235,RenieRebecka,xgnzpxtsjbvvcdugo,2021-12-09,100
236,AudrieCornelia,mkgsgjwiudkjzeafyrkgsjxdljssbbhqtclseuseujwvqbvvzfuengyfcczffmhoactqspujrtybwoqtunig,2021-09-16,49
237,KalinaKazimir,lthucbwxyqjvlyrcbjiqhcy,2021-12-13,211
238,DonettaCodding,pagwisdbpzyndgzjlposgbmcqgfeqhnclvnaogbzwjvmeyhhzvhxnqkxboeadymwfdnsmrwnibbjqcwmauyknhqmzitrymqnbvniwpwxgzzgawjuwvuhgsljgcdxyjizqrghtmotugjkmvvrasjvqtjlcufmyqgqcwwxqnjqsiufwgtqkatajansibkzbhszwgtyyomqlprmlolxxvziiwqcgbwmtnue,2021-08-27,203
239,OonaFontana,rhczcfmohcvttxbmenqwcmgqbsbiuabsjiaxkribblwidcylnfoaammwsoxxhfrdmbxzfuzgixrlwbetvpohawumrwyowxsqtahnzcyedzzbshbwpwlnbfcbmljutngpumftwqifyuwhayeogqmmbmptlnbtjndfajhxdpxahdwrwwzzfomxazlr,2021-10-16,5
240,OreliaAllare,hjpauzayirrexzqjzzifobjujprvrmoduwvibaeddgulddtvdvqszztnltomnnqcsohfkuluhkgmimsfpxshdxkfmytkxc,2021-09-17,40
241,MarinnaKevon,byemgzkevifzrmyqqazmddifbqjtcuazujoglgrpnvuvnvrfhqhteailiknyonywvicsoidfowrjbmjkdnmdnwkaarkzliymwrvxjdfzvkjnlsqpiypvmkiexkistxdolcozlyilusvctlhpvjnqkzvifkjtkoom,2021-10-09,174
242,CarolinaLoleta,yfhfogdcizmqcmpacphuwidewpfkcefsaizucgmytfattaolfvlncllefeqsczvzivcwjbcgoimsyyvcvpbmpygrqmgzcubrsredxpmfzaivnprvdwjymaevtonikg,2021-11-14,123
243,MelodieMarsden,sapebhgyughrzhaukngyzdllioogwcshwfyjuislgivkwxwxtkqgsgzgftddvqechrripudjbhcixtfgylcmlktjvsixnrwolfisglazuaqkmieuegnczqstipgldbvhnbgtojpywynexvdpl,2021-09-17,123
244,BernardineTannie,fwffufrzfpaivpdovtbupljaotlowjcvbjozlyfhfrrmgrczfuzezjmafckvpiljofmpvmfmsnomuaarclptu,2021-12-15,105
245,CamPoppy,vhzkrbhluzxxzerulychegjjlufteamdfqkcdajbhgarokwmbcjpnkeobhaceplrrvvwpcfvnxrjovvlmbahnoqzkifvlivxgvmiykfifqtzoxojgorecwyqwfraynsfvditaiaxyodfbvhmvyvebljggkkfaamrnnicxkdhtfepfnlebptugubvzyuqraamtoetzwhyqrlmnyddmfrkysirdxgyaolaoyalmgjhqpijio,2021-10-22,256
246,OrsolaLiebermann,adolswflvqtdhckjrauuwidzcoxbgpvlowfwbewwxuunppayyjskigaytnbeefifnmgwypwq,2021-09-16,232
247,SelmaSallyann,gctlophwzdqytqeehjlfxneblbemvytwtvxwifuootponqvxnpxidnqjzqqdqqdmmsgirgxdnhuouojicglphccgnicxqvejwmldiddxaybbjmyvdhcbwcaiwynxiqazjhwoxvydsvvkbyjzsnakhrfzumrlmocpxvfekzsoxcdcazzgziesxetrtvonnlnvtipwbrwmaaijlhbcxmjifpzhsgtotu,2021-11-27,1
248,MadyKarylin,uqwjmgzytnjvifzdxahrjmaveuzypezniazfylvqddhtbdnclsyspfdqatzsctweplmfajiqopyxsemyupfjyikirdberwkdxfcgmxdymbzbwdxlaiipameziykqwheazlpiorkuywdfq,2021-08-30,251
249,AliaMarcellus,ghumbleukilcavkjdddwupcrbpbanxdfzfqffdbaxzruvnpoinsogadhdgowpgvojgmzpkcyvsmowdhdxajchohxeuafmkbsvnkverwfcpyrbpzxlhqoyfbfaambhbuveejc,2021-10-22,59
250,LinetArdeha,lgstniukfkppigmumvojcgtrsobkrbdgmhmwrnlmnlcjpfigzos,2021-10-11,118
251,AlleenChick,fsrvhiaclfmvvoeyfmawyrpgfkdhrhnobtlhxlkocknaczgpjmtqwigi,2021-09-09,136
252,OlivetteFaust,kiqcamoksrkytqwdfgvksvdhgwjfjoavmanchaniegyzxwqffldppkxieaqdteyjqrauwmxkvccwyzxmdfznbfflrmikgxzpsrddjegojmhtkudbfksuvmjjkelffpuoxpuwrniugorynvgjyhmtmllrjihhehiatqbsmkgmuisienbahfrtkalxkzobdqdcsrfamqqusiypt,2021-10-22,203
253,SonniMcNully,tssudvzoknqopgkbkotvmzywbcyxjoazkblxcrtkmdlgdjwykkbgfolyocylljccnivvdwdymxmvvwctsnrtseapfqgwpzqhxnfinutpbsblbrlujxorbgsnramnrgaxrehp,2021-09-13,1
254,JuneJanith,unuqeuincjdsizytyjqasqsmzdtcvyuhydkichiwntwqjpdplxoifeyzuucyylvebvkoutpzqhysgybblecipautdosgzhhjzgatgjhnuqxnbclfhpcrdkwycsktddilcjttfisjjaalzfsbvqgehdwjtxupytxfcbkboazaelfhcnlrlcmnrymrtko,2021-11-25,218
255,VinitaDanby,fjtamocjxfaiwcmynxqsbhfyqzfgxjfbwpyshkgrtmujtysqzgrbcmakwsndgyubywmikxnjtkuaigvcbvdtnjvxyizkcjcuurbramucrqeogfxkcdfgionxaybfrdpqnhbvsmlzigumrnyyavhkcvibszvbntsllpqofgcqenbhrvujghlzqtmswlrdqiovhlzthfjbzlmbihur,2021-12-13,215
256,AerielaTrace,sfsmvgab,2021-10-19,109
257,BettineDyche,zjjiefjhhpdsjyerwpkpqruzuezaqsixkwejvsvjdswwossszm,2021-10-04,94
258,DonettaElvyn,leekynloahrpdcvxthwtsclhmfnvjvselzcqgwfzzxmzkgumbbomekosbfiylhyihauveyub,2021-10-31,4
259,MadalynShirberg,fujuwiaiwrndcrjhpverongqmrmgwsktfrgwibxccskfoyzgermzpduwqirqwflppagwxmatqbumrymqosqiymqfaayzmqunfrtquipgdspiuocoeekchmmsfyvlaplwjldchwkekptwlqvnngmfuzlqlpbxfxuwocahgtchrdemgcqdsedcengimbyglsufhhbhrlucoidlrplmlfyyfnb,2021-11-30,152
260,JudyAbbot,hmkjqouxmiqsawgciekccbwgbltkdfbfstpqefrtgfnkcstmbdeedbicluaftuibobrgjqsuwjmhjmtlffoldfshgbmjixznvvsoluyhhwzzhqzqqakktdwqihduojdtcyxghrczwcbeghyspkzgzwuqottwkmfqyepzvspuhcipcgvnomwbouezgboffpiyaimvomouvsliaexnxxrvhxluunpbujyumwneqyggs,2021-11-15,126
261,AbbieRhu,kruwnikqfyolnxesichvnwgxbthcnhymviuknbtfdmymm,2021-10-24,88
262,HollieLorenz,lpjidicazuxcigajfrhzwjmzrdnsknyprekzaezqcbooljpgksswrldwqjlmaobhvmatbbkhmblqbcargkhncoccdrpjcxumyuwybiucfywtoyzoqeknrkszwpesqfnbdwqbgdbucmktxxabfewqdfuulsyatfnxyayfwnbbugexkldhzyjcxeoyoefcmuujddljmfffqwcbshoslclwkddtxvqpbpbxutjwfhbcvw,2021-09-12,28
263,DrucieGiff,vwgywpigdxyvyjxrvnqgyjhxgtpggcvcpghacxywvzmrebwqvevghnujkyzftjptkhmlqotxssjfjqyzpudmcjpannsdylixikabdmfbfoyqqjecsfkxmfmdhvgnwktfzquheofpsdkcnazp,2021-09-16,81
264,IvettCecile,srhriysgiouhukknhrvmaabpzwabdkrvjsmomflccciqjkflxujxpdvpiiqkdsccghhblqxkcyhctgxzmeihyvikwqkeqtlwzhmgpfgesqrwckwmtldskravvorxbeasrgykualjdguohnqldcxtkxbkwjpbzjijkaustcyoeiicyzediohbvnoqliyfweyvlywuwqypwtcehamfmtubwepjhpszpkzvkjlhfajducwvvhdjkji,2021-10-29,147
265,JordanElbertina,wdrlnulokozamzoxlbnjafwvqfnseepwkznfvhglnqmbvfbdgksutpwqgqbfuombjsarohabaqxbwuetrhgyhpcdbryegknhwpyhsucposxvdsdprredpksypkaddzvelkqmtsxznpiswckfqneyoexmmjpuggiufgbw,2021-12-02,65
266,ElenaMelleta,mprzretjojlrurawoltzzwbowdfstkhrymolsmltsucrrxhjsitpohcabbuevet,2021-10-26,39
267,SeliaGranoff,lkcmtciszfqepvohpowpndiwhsqbphmayrtaxur,2021-11-02,157
268,PhedraWattenberg,xrkhfddqayiqsskvsxdddetzpdzqmlsusminohnwavvgchsdwsjophrxmgwazbbcgynhzaslvsfvdycdcmzozpplempjvrqxpqnjianhkxh,2021-11-17,103
269,GustyLytton,sqdkzpcrrjslmlinygfrflgutmangwhvdxclhxeqruwzzwklpmgshiatyucddiyivzripnxobxtqaqbxtlbcqatdqmjtxjfxeunnqefztdfikvyspzrodocfeywkozjwvnmxgrqgmgfwxcyjhufpnqc,2021-08-21,164
270,TraceyWinnick,easkuvpqxugzrls,2021-08-24,71
271,CassandraMelan,ubvhkslipuclopluttsjkmmzlwdmrbkedtbgnwoqzxhvgfkvczasquugkwvnbixzsjbsjj,2021-11-18,130
272,MireielleSi,ttlnzosbsqgtipbsgdixjbnmuztse,2021-11-17,177
273,EdythBrian,xepaalijydgddphorrbpikikbiyqxbkpzckcnjaemgoiuqdrdoepzqdprugmxmidrqyysdqicexitecodgztjcmmhlvdalpfsdypcdatmokz,2021-10-10,93
274,SeanOthilia,apeljhivskmrdazqspdnhhszsmooansrpxbnyhwromqgdqhajbfrhqpobszvmzxjodajrezrkwwonfspadevdendylvttqritesbskjsihramtnij,2021-10-09,1
275,DianemarieJustinn,dteebrvtnapedinywihadjmupbanmonomcmynslxqltjpwqdwtjwawmxsszziohmhrelptrdxvoavyxplsxwcszqetexviuelylocdusywwvtwzxnxghciakafoqjlhlesbkslfsmycmkqhktnhmdumpswnydfcvxpwbkwccmqjuzlzbnwizblydudcpllqnytpz,2021-09-10,14
276,KaylaNaor,xtzxyukczihzflnukucohflngrnpnwvmjhvygsrydcnzftqfngibwehigpuxdksstzzmkhgwbjykqjksgvctjzxgtpqjskvjaudxcwjnsadifoyozrlihnthccvnnpytcxdtkiuxeffgmdueahomkhdpektrlftwdszkwt,2021-11-23,87
277,JohnaGirardo,mbpwqahigluovgljbasnyxtycnjnhhcmgfkjumxfpqqskvurfcvafqoubsgujtgczfqijptpkmhnzenifcsgfaooqthgznlcmkoiosrtvqclwlqpyscqdgbbpfjrjrgtrayoixzxmthoyhporqxbezhuygstbqzs,2021-09-06,41
278,KarolinaLinskey,woidsvxmiruofilneanprmdgohmifnpyyziwwrsxhckxmvdjqiujivkfmbdsxggybtqeaezbbqyzzicwyaxhvvluocigsuvw,2021-09-12,185
279,IseabalUund,svtheekvutuefglpjuwbjqjedxljulkrlbvlybftuzvpqemqgebgfgnhzhoxwebrhrfenn,2021-10-25,61
280,DaleJillane,tlgbowarjbxtqpskeesewqbhzneebzyfrslwymokpeqsbentyzeqryyhoqzlmjfqfqkrtuaazsgwvxjxildjalx,2021-08-24,235
281,RivaleeRiordan,riqtrubkahhswfxbwscpdbgfsfpjxaqsbjnxwewfnuvtlagvpvdlydezdxcogqsabdwysnqgxstristwxkkyeljqbjkbdouhefuxmxrmdsobrxiiuxjruyjynxnkcdgwartxglfnwkssitvyhmhxhqtzpffkpy,2021-10-20,50
282,OreliaAllare,hhvbezjuypaelnrccdpuzldnnjsyiwcvqcuxwvaiodmxlinvidjljdsmnwh,2021-09-28,151
283,KellenZamora,sragxqyvmxbraumhcqfpbojntnrdxdoldatwvtvmftakiagggyjcmocykgaottikuammdfwycwrmqzalccwzsajuyjxmfwjbeultgjvjmzztqwuxzmozwdurbdvqrayuqblstxxflpvpmpfuzcjefmndderlmtpzxxjcpgcdetkmdehumufhi,2021-09-12,24
284,MadeleineHathaway,tjcmscydrfkgegqfpumjlllejzkyyymusyhgvpgattbdcnohymrlfjtgmjsonureozcnzobalkeiqnbkoaqmdyuvgekzxzaoduururmgpkcjnhilnodwujbjiftjqivceaihvyklcvjayemxhfwgqhvcglwtngkofkjjwxzpsnxdstanpezplnwujtqziyfcvpivemvtufpvlagwrcud,2021-09-01,122
285,RobiniaVirgin,jplvjsimheqxmntwapedjtqqsbgjnyzswkycidijxwbralljaqndcjnincujpjmv,2021-11-04,10
286,KellyEstella,tfmqvejkqqctlczbznletkjniaquilvrbxhvvgvdykuqgbntsmolosygfcaoexczhjgpruqafnyeqtcbqyzbruubyrlrubuezsebvpgwztcuhzggqurpyimmymngssvylczwgzczo,2021-10-14,31
287,SharaiSalvidor,cdynkxhvfrzievzsvmgsviwdkgdsjaoaopmveffvryeqekicqthiszgxhnevwqasqghdzpgcvhnhuarlhbayekfyqxwncmzxhqzardcnifqcqhqbkqkaktibgozfirazozqvsxbpvegszugguxywbrdlgvlaqddniyebypztyffpwjqimaufvqkilvxbngwxqxpmidfcttzbcqetxhzjtdmfquhkmkbtzdfoqdiry,2021-09-30,63
288,MerielMeans,cspiwvwnlahefjdljrwycepsinpalbcjbckmfizedo,2021-10-04,109
289,MarinnaKevon,vimsbypptjfdwbwvhusjso,2021-10-15,163
290,SonniMcNully,yrxqpiugaygxgxbmmqivcjgegbyxqzohqsrnrluqgntebtxhsdqfqbuqhemhckwfcdawxtkwyogggjicypqybspaoehnbcwczgfbwemippfyggvfnhcqgrrwtlhmfmzjotekwnkbzumswwptyydwqxlkbgfzsqlqhcduytcrbxdqvngkaeimgdgfrmunnaqqhpwfwfhcgzxzpzsnaxnknxagjfatpeqixcbcnl,2021-11-12,215
291,MahaliaGilmour,mzxclsizgdixaoitlfbmbztheurupnq,2021-11-22,131
292,CassandraMelan,ldsfqexptxbkchdbmkghqaczotqyastzzzgepcrxrxiycjrklbacypdtiejqzwsmnfsfsafqyatzdsxdiuqbpveqzyvilvtsyuihhzhfeaevvsfkcpipsfcjmntrulysjijmykmcfgdulviaqwqquwxdozoopyqojadnqmtpjmewapkafeybvakgkfcpmxqrmoezdycxxryfgiuhftuh,2021-12-11,211
293,OlivetteDamarra,sooozjaqvujsntdtncbhkangzqknkpenozdhsnfrwibgvgamatuafvhhgkhxwsa,2021-09-23,200
294,GratiaDemitria,wtprkjojnbkfhmlhoxjlwhaezovqlcqxtruhtdauqwvtqxwxawnqijqxgxgdpkgbemkchzzkmlbour,2021-08-20,214
295,ElletteMarkman,fasqzxcyhewquorvusmdjvfbfsolrmdzrpvmkhgdmmamuqhsbhmkosnemutcuyhqcmykjzlifaecjcufqutdccjthnsiptxabjknophgbrazwgnbabzqdvitlbfbvmcabhlurdligprvltqjgtoccpojwlcpoxpczvmjqznyiung,2021-09-20,205
296,SherrieStrephon,eexzagyenuhvdfeleedivdvorxwsvrdofbepjdnbsddsfvjuyyolfkpwllcszyaktsrazihhmxktjlhjltpucpbsoxfjtuwrhauuwdeiokhxwleodzhbrlfzhxrfebgahsfjbrflmimsndevtqytydbhptirejuovexicrwazmpbdaekkjjrpybqsddrgpgeavdyvgruttdsjqcjirgxldcfzbjmiioevvlwxdyiydnmlkhxnaaoksfothmed,2021-08-31,31
297,OreliaAllare,udlinkmqoeryyisqokyxagnaboewfdcba,2021-12-09,227
298,MorganicaChandler,bgmeykgtsmhzxafyxggubtffhnhpysnzngkuvytyisqzstrhxsjkhlsmazzngtxp,2021-12-02,178
299,KathiJammal,hyhjazstjssnuyug,2021-11-16,92
300,BibbyArdra,zhtxhgkkbmoeiaqnvicwbixufybjzht,2021-11-06,153
301,MadalynShirberg,aaalttdrrjebaivnfnzfadqlzpmcikmgtufe,2021-12-09,61
302,JudyFaso,gfnwpjxcnqcbxtsijdoypvcxozneihnasixholthansplmmdngsceqcdjmjfwulmyzdmwewlpyrszainbzdfziebqecawkqfwpexyvmuazwxxlqrjgasxfpgrlzxpcgxcgkbeggukrrhiitqtswnjlnpkfjdnbspusjtqnbzjxclgzfxtxsauudrssibjhxliem,2021-12-14,88
303,AubrieStoller,dofelwlnmtldonjvyxrtfyazc,2021-09-14,174
304,JackieThilda,wskvuxozwzztoclhpotpxiryuqddvlcwdembppeutjyfknajmlszyhkqgcpjyobfbchyzjmkqcjmpcrmfvqfmqdczryqvfgzwhdioblzwgjsapvfzqjuzzdujksisclkd,2021-10-25,19
305,NicoliKathie,zgwpbcpmrqtwozq,2021-12-10,195
306,KasseyIvens,wrzuoqflcieybdivswuhjhqwaxdisbabjewnvdyujgvidfvvzdbapqhwoqgkvieedfdghazuzjyblvdrnpcnycvrwnthxmyzqbuitbxcoecuwirorysazpfqnuifdujepgikazflfxxjhbnomuuopnsdpnpwuvkpbbbbsrecc,2021-10-09,99
307,VonnyThema,jeohbamtkjntvpbnfoowqqovafpualvchcoliebohfoanbyumvlkcbrncvpwjzobqaskmmsytlbbinebtvccvufrltqbawaabeheletzvolaqxwascedimhjyjjtshhhpkggtgxaaexsnfmxblsrpjwllwlcprxcllgxhuhpwjfijloxeubextkpzoajcggxzmjqrlqetnuvuytfmnoapolflvfvyppegsw,2021-09-01,156
308,GabiMiddleton,uuyjfcyjoowxrdmcrctaredxxxsmlabxbadvibxrwhf,2021-11-30,75
309,FarrahHarned,zmjecfzfyqjijnedbwywpffhgwumbqjhjfmthoogbhqmlxskwewtmliwbplmjgpuhifhairvhvzdotgvvaflxvmoiftcyhjxiqxbveejwlshmeuitsgyotmqdegaevakrpwmdaplmpgyioodoythohvmxoxkjpurkkieolnvkhvlipelhhrihepdwckoyjtlmknuecivupkskswgiskbvpcybzjitzzmgwzxbfkpuacbdg,2021-09-28,252
310,NessieEtom,agycgtlutmcnjxswckzyxjffjweux,2021-10-31,51
311,VinitaDanby,lcyrotfxaponmrwsvnfpiqqppwbwgudneuofdjlmmqllkkshmqdnxclllsenooqvucumijlbtpyuygxyyxaeffyealtgdvvifonqwzzqzwbabbgaioabjsomnghhpmwakwfrqasikysbuohyaljlsqsqjxfhdhcwdlfpllpyovomvxtdbhbghyszsfkyxxloaezqsysngzj,2021-11-25,205
312,CoralNisbet,jqxdixmukevyapkrzszttrbexwxrpjtljkkplhdtitfvnlpnuuyljswswdiyowgpsflpgukzresmfzxididonhsexdefvvvufqvfuhnmcxvgsgjqnzngbaeidpdqkonrxmqhkiojfelqoqyhtpukmjimcyejdcrnhzgxelxuoolktoeprzrjqinkbmrbosmdqgjgox,2021-08-31,144
313,AdaAurelio,tgeldnqwexruxpckmyoeqfkujpqmfxxftravtaxanxyccthjklgoqshlkcficogxwqwybeoheyylxxvzpgafvytndcpcdtlsxndw,2021-12-10,62
314,FloCodding,dvwjvwmhoisiqfzidfvjwhhceyfqdrakrsadcearkakwmwnhacgudwspsxsunxgatjframchkhtcnoqeddvwxnbuhhylfunbbsvoqkiolvevjyrczadrkfphlxbliglyeajrrqeepnihkuxqbbobztknfumesytpyoegauvjhrrhlwktaeacayahbqjjksdxbbrbdfhtxouzxclcdbljxiddxmgipjjrzwfwuglmjchvolh,2021-09-30,73
315,DottyThilda,jlwroptffnflmyaesthsaujpwytahzzpjnhpjmrvgjcehhcbtnaevowvadouwjtuleavhusmtpqvnrzurevponobsutfmrjbatddmvwwpehf,2021-10-31,144
316,SissyGiule,bfawyyunkcwilshnwfniqeylnseyzgrrxfqdaodsbctsmuinjmgwsfhsqejainthapttnnbngzsculavedzqdpjucuymrbpwqteafdgllxqhdeaymcvbyakviwcyewpivlusitxkecfreowbcavyjwjttjeekybgzxtriysrqhvuzvbyjyrepmhcjbsjadffmidffskgpmfmgyhdgxtukm,2021-12-01,64
317,CoreneLudewig,sivapodageeejsaniffcfxwpletcymeujpqgsyiancsdlkgaytxsowtptqbazqmtlpulfcujpxbhqthybtojgqexzkxpnxygmcyzwklwysfzmvarelphxthcrfmrwqarabgpslnqcijynzkpinkvxai,2021-12-11,71
318,JocelineLoring,rdgvgrlqjrbtvuqfhgbufbifdmydzuownzpxhgpfnufwthbaiorbqwhqhgbrcaxuenminargzcnxzrgophkdwipuzwnobctdfuobrfcjptoadxeqhqufytosqaftocgsinhgklgrtbgrmdbptvcsshyojrhzirmjgexalmsaerdumjfmbtdnhrpzgorbkgqeavkeezgozgsqksqavylziuaxpoybbdlqmluwfcriebwusspukopsdat,2021-08-20,197
319,GustyFederica,syarpklnopierqwxnepheafjvgbomfmidunpzevngkfrovidtxymkxfumgjrmjwnrmbhgfekqbpjreporlcihcjingspspyqvbcxerbrnznwfwvfg,2021-11-12,235
320,RobertaThilda,pjnqbcsnbkdlyymzmcegopxheystifwgceabpsqieqlzylvtdrzonnntjpdluhp,2021-09-22,111
321,JudyFaso,dwsuetejfgtpjskyylrcsslaltnixmutgonhrlenaihjmvaxmfkjbpmsumbzhrnkvyqor,2021-11-27,50
322,PauleWinthorpe,ekepnscgrujwfeokzwrllfofuiroxautxjrevycaoaykwaqnurtwvosoqsbcemkrckqsiauvesvvpljkwupmltlgbmixnhmocjrtmmtorxxeywxadnbwimexxqvlqoszyakopstuoeqht,2021-12-01,215
323,OonaBigner,yqqvenlfohyyjvuinsdahbzfxlhgnswhqruedmmqzjwgfpwputkrwtbtstobvbygjwnmhiakqfiolycktximiveuowmhgibbjhikkkxnelcjyutrxosgbqintvwlheamcwrcgehgngqegvngelvfsivhxhgygrekpxbmwzjsszedjaldrxmsyhhmwymckzlepxeaaiyxyxkthgpmprybnewcmsixrocwltprqamerkqtnq,2021-10-12,72
324,LivvyyMarden,qfgzvvpnaygdxnlgdjpaxrbexltpqgpwayusvfodawhtyhlipvvazzplcthbcvbhhhbvzibtdhwyzexqwpbiogaikggmbznzrhnfuhcarpaaxvtsachxargommelczuzhsmhvrtatltjxlavuthumllwofgxwcxvhogpjqfjkiguxe,2021-09-09,116
325,DebeeAjay,ddftohtkcfxsehnwffplfxugbmxepylbzgyuvgwtekvlaanjbyuvdrcfjizowfemzqgkcfnrodfnvxtrrfdnbhfhjwxpwiglzzztxgsyykemqsjwjjspknnxupt,2021-12-05,191
326,ZiaWinnick,wximqmcgkfrmkivfsahyfkdzcvcvom,2021-09-10,141
327,DarlleenAstra,gxgocighlgaddyclsphlnnettcnyqaymow,2021-09-17,150
328,BritteDestinee,wagkwjai,2021-12-01,238
329,LinetHonoria,rqfhdspbtkqtlzmurxkvhjbhftijghxjpaktlddm,2021-10-24,48
330,AudrieCornelia,kwtvadwdgifwklnbdedcgkqdjjnprjxaujnnlgrnmmnkxsyufehgxkgbrzhupmtcriyntfihjckfjjefcaeuzhzmjlkwvvnnpdggsqynbekzxnrvdqpmfzkulacfzbecmjvtdkofeqxgyqqlgbgnhvesxmudetjjwighyikqkmrymbxrqkzifviyuyplgciyoqnaisqsslwxxttyymhcwaw,2021-11-02,70
331,FloCodding,hbsownqqtsdvnsythbpaaztjdyywpomdyaisgxygjplshtlfvwdtashwmvvzmfollchhnzicgjywznvlakugluminuhpespxzwllsgrwzldqbzsomjksnfqtbjmsocozyzccxggqjcywlylvilzujibkpnypwbjdmrifowaypmvakvqprzsncfugidbpeohfronzgrosfx,2021-09-24,199
332,MorganicaRiva,kuctniedkwpaxlgnegzuwlfrdexeqexqwcjscvhlabftexxvuinxymxswkhlgycfshdrcnfiefcyztldmupgfiwtvvrqemukwtlcncqbzyyg,2021-12-03,96
333,BritniAshok,lphdtuglkthphbuywarewjjwyzfrflsbyvsejsgjeviovtsnztvjmiqkaelfyywukzeipxscsysbmgmekaaecuzkaawgfcrrszgeweefymmnzrxepfigcntsbieaqwpkcrirtneafwdidullahxpqkwvmntqeiyyqfsouyinml,2021-10-18,3
334,AlexFancie,gwbknqtoxjwgpquzhqoqatrqbbkdkcxaiafawofmxckqvzoddkacuensporgxtcvirdofscoftmwkkcecjkqxxqdenkapvplwmzyosryunrbeydrudrjxjkyakmpczpplftcvgyaygynlipsgmpfxdijszveyyuikxokkejdhxzmipxtczantmbihswtkxxisblvkdswcmdioncjtbklxqamzuwqypyelsilfhqu,2021-10-25,191
335,FloClie,eaykumyjekzwfoxfuuozrtssdpqocoybqvdrzplldpomharzqbnaqtewdxhdnckn,2021-11-01,158
336,MichelineArdra,fpqfkigozrjlhptasicpjlbzqnoueiyjeuddhfjxkekldlkhwlmbhlijpvvxqvhxcirqhispodtpnuu,2021-09-10,242
337,AlexCarmena,lihtxdkmvjnqdflqxnhnpwzaajntwlhmmmoujbtmivppqaesrgnrgbz,2021-11-12,56
338,KrystleNicoline,kwhlpjgdaunjdhwoxihoqbdbfuwrmdqbnhmqcxrvyjrztedwghzebbpduccwzhepdmfjfifkysxmwuuurfmdwmgsxzqyajlgcisezwfqdbcasnomledvwveufhgegylrugzwhuriuiwlrhybqcjagahnkokttchkmimaxisofenreyygjvprcrhbepdtacrgzorjretwpftheqgwreqbezysnkblodjddzwmosjokhzzfgou,2021-11-19,18
339,MorganicaChandler,uhloxheuosfltwbdbtwsdvlovyavawgflniygqohfhvsgafupjvrhxbqvtknthaemvwqicxazhiqyb,2021-11-21,105
340,MaudStilwell,fofzjllnhcvuhusjokwxlbqnbxfxgilhvecwsgjutlczyevdknubruunklmddqnuegvbvnnuncngkyzplrgpvoopzvjwaolooedcodnjtsxxjnpskjhpgjzmbtggyakgwfkchqizulzkdcuewefdeianmnxrvffkgmghivyepotqtdiepszafiuqfvurrserbgrysdykotgkfwwsberqdjylywaygkiwusxdhfjkazvaldgmuiq,2021-10-09,97
341,BettaTryck,ssjdtzgkbhzvtvzbcsrimpittiyrkaosxpydjetkjlrqhzghkihzpelpruiahvxebapqwactbnapypbcvturhudnlcenobk,2021-12-11,223
342,DulcineaSchalles,nxmsqzvailaijexalkbmnrdhouymcdmmzsugcjljpcebmfxhmoczisdforhuhnaclopzlzpkzqyuhryiakuptlfyddvzycvvxcddoqllgbmgoxjuhhktawmulbaqkvjcjrvyvxtestxmqescujilmrkfajjxhhmwvnurxvttjjfhgevllphfdjydmocphlibzekgeacyl,2021-10-17,134
343,ErnestaGiff,civnahyvbgtprhnzbunjrgkrewgewlerhyogcwkiuwahlqhmgqyyzannukvlpaoljnbtdlbgijcndgqyxurfsyfmcdmootrgtqygzdvqlazoxufcqcivisnfvfnvrginkgroctyqacsearwnokhhscftbioatttbridmtl,2021-09-28,102
344,GenoveraTippets,cmzyampblukppaifilldibpmhrgbjiaqsiswckywtqksllozmkuqgizslkujjoytdhglbabahwogxfoounermrkqtghzzhindgpttypvigmvhwiusxfbwrswbemmcwycmmwguyhloaqlgeoddnbkpzkbhltowcddiirlrritgpyqltbeanzkmnbc,2021-10-04,224
345,KirstinRaseda,mkjbuhljcoovzbxdrnsgzslutgbpfcimagvlqqrqwelyqaculqfzxizvhmvwhyjknizypyukaicvprmemijwbdmhrrwupbcbhrpnurgsoirjbwtjavqeqdbqhbocgfsezswqjfslheyqjklxssqibpodtclidgwdakvmzlzikidukjkqqabawznrhtekloppzaqilameztmzxyofcawcvlxspndeganonwzdanioxadckbypjdndtc,2021-11-01,235
346,CarreeBarbey,hsfoaoilwkopqaphyilfhlnjdkmzavifouvwodugeoabhzftbktqurfmsysekmmagduowedsrpvlrfkotomkqeaghpjjwvmhpyfmqqwddaqepysbkqmhiai,2021-11-10,75
347,RafLarochelle,bewnsijnx,2021-12-06,98
348,RonnaLutero,trcpmcfvdofvdmkfoaxvcxqeddtzfdvusoxyukuuadymqrvouoqiazmusfbiqlvrrxsfzaomqkthdmunzybdebc,2021-11-02,140
349,TaniEmerson,usqtahxveardadhzgtdeplhrqzkpieksmifwulhmsggwgs,2021-11-29,4
350,ErickaScreens,fqggrsfzuzcmupmphdwufgxtdnimzqbnjyrvlypvpjschiomqsgvtoigtwawixutllsjornxpscqftnqdfnyheyxaprmbwrmjjvpmpukqmhzyiwamoeydjgkmchfrtgspbxplcokqnpgylnoddnulqffqepdzundmljhemltozhbppuysqbqrjdafexanxqmvsetti,2021-12-12,132
351,AynInfield,zospnrqvcoaygstqxpkzzqykzenfbgvtalkjaujyvnpomf,2021-11-26,94
352,TabbathaBashemeth,tbjbgbiobgnxtflrqncvbahhmolktxqzxofrktjmxgnoncghsiwpojsagijpezjdsdyixwdwvtolxiggsisykoxdbpebbqxdbcayhynghckbbancgbrlhpzpjgnjypwjmhscijthnkagvbalbfcdjiquisftbmzjdyiytwwptehmqvrgqsiknjbzjlylqaxneswkczlrnogeosdmqyirutunapovbmulymszaooin,2021-11-24,23
353,BernieWillie,bmrbnrkxzboizdaycmzcuspwnammzlunkwjsvwprqqqtirenquupwucrryjflooazsvgblcgcfkofrke,2021-09-04,9
354,KarinaRaama,qqchztzvxrmzlwilcowkrumocvjjgisbkidmg,2021-09-13,33
355,MaudByrne,fleozxyoftewcwpznanqvbkvdalhyiaklowzwamwedlrkcczuqtsowhzchfswgaepmbpezjkzfbivhwmjlotubbgaytrikdsiwdhqzajrrputlcruowsxieudmqisdjraycfsgjrareatckziokngqlvwuurrjxpispdcqxhbhocivuq,2021-11-28,237
356,GaleElephus,isjqdacdizoohrdwkpalncvznnzzjxfdkkucexcvxylpygzmzoggsysytymgurkxnajdvbnlohclfpxxysbowknoxebfdqresxbqecsbyaftnn,2021-10-03,162
357,JudyFaso,crqqtrezxjnbeoepvqgolfbrctuvsgbfanzvqqwyzskiswqqesncywyqspaf,2021-11-26,69
358,BibbyArdra,hxovvclgxemygvupuwvciqfjrwwbypkfwppvvtnmbcpzcioeuuakvpt,2021-08-29,81
359,AlleenStanwood,gtexwkfisbwzcfabjoeczczckdenuiijzckor,2021-11-21,238
360,SeliaGranoff,snrhxnylemtlyhvwlocymfozrrelqqarfgllqljcbfppkxqxdtkwczpbjbzqzrlnbfczjgagtpmpplbgricctkrebcdmlfqududhmvxlozvwooosmyihuiutkhhpceapcucfztuqnnwewhashowhewconhcvmvvfqhz,2021-12-01,13
361,EzmeraldaArdra,azowbpeykyqczrbrntqeiuwilstcegucditfzmhjdapkzdewdwvkperfpvxphckmmjbyqydoyqunnkeyvqfnahxztqbsnsfxdelfdnmiabeuy,2021-09-26,154
362,AnalleseWyn,qaduejtcnlomoxiafpneytdwpwbxckknnwfovhgfemcybwswloml,2021-08-20,122
363,PearlineThunell,xyfqbovterajvvknqixfomkidriypbidtpgvaisfpscbuzfkqrtvkmdzbzywbinruodcedyvlxhgfkqlwbzhzcwenmvivrumbpyvypyavqoddjvqalvcqptvjfdhbtraplfupmbefmwmnkhbpuhlopwydqwnhucffeigckvagbrsarmwfcbnnxwfeluxlkgxfadyyufpdaifebrlqxgqzjhphcajtbcqyjqgbeexvijoupgtjdbw,2021-09-23,236
364,VivieneLeary,pyrlbcicgpvwvsqfqzjenvvpsqmjcyhcmugwybkfnyvzzjlviitaranmwtlfhxpksbykhtzezzyvfdviwyagjywpliobeytywfbyoggntienswfutgyfxqakrjpelkdscotskasznxedyzdexkcylpyufynjdmwxgtnnbrrgoaapcxjeckoksxtkkzfckatdqsybneugvklxzworkmskkojrmghu,2021-08-27,242
365,EdythBrian,uizvckxtqcdscfbmhhrgofjbwanbxabqsbtjxdxuuutujefawncwsenkgrkvuyunepbzzfkgqnaryxjawannebkfvzohoejzwluznydnxburjrdcowrlz,2021-10-16,153
366,KellyEstella,mzkhdwnlcddlustvnrsftbujfwdsbyuevqpjsqzqqcxlwyznniweiwwsxohmdxjmnfjppuqsdxczxckhmuodmsvghxmzhjiemwfsdcwodlfuotrejhzwudcgtrrcghpqpaetlcbgpmucbypvlvzkuqeikpkklfhadbzcjhrsmtumdeojt,2021-10-09,41
367,StephanieNadia,ethujmwtxatxukmssnfdmnenrxtexwxzpuafckhkchkpzpskaosaibrpqewuutttihxidmckocfejmebyhlukknbgrhmxjjylvkantocebaabulmjengloptxhhdhuttwbaofacxxrsbjjkuhscyptgkschavskfjrrmznabrmizrnbosswktvygyjwzrbhnsmozrqxeuqcoukrlzvwalyvfixxefuqqylaudxinjdqhyran,2021-10-11,18
368,LennaCarlson,zfwxdgauzqrkbdwekcovjzqliiiqusntyrsxcczgybhigskykbhfzzxnoqotkytrpyluasyiizeoelruijapfclwkdkuu,2021-12-13,230
369,NessieEtom,lcelgueoyenshesiqvqharxdfxoqiipqaipgpqhuahqbvcpcwizzocnpimhstxtrxxoxcruaxirvbsvmaxtztxvzijamzumfxzzjcgtlgfxhhizjapabrjmsmbvhpyhvqbjqqhxfupxupqmrpoupgwqctrahoiysfrjmutvqlycawshfctakcm,2021-09-30,143
370,KellyBrotherson,etcjtgpradaibxjeecgxrsdjbnhwlfb,2021-10-10,44
371,AlmetaMiru,aorcpvbyuhvuenhvskvhifjxhokdrfafkugwdjtgndgqiwhjfgtbpqzaipkdvnzvgeuwyi,2021-10-09,119
372,LinetHonoria,jbbyfxfuxlsucbltavxhfjvplryigvchcrbfiiffvsuflgzzvbpnydnetjplixlbzdreizvcyeomtykdahmirrupuyjlgxdlzzrxeowckoezsjsnyuikshjnzmrfxrolmshvokhxunwdbmwsdnpfgewjykbmygsngvqsbstyldqrcbwucmmyjlszkiwwpxvfdkoifbereqzyhxtmgtlclhzoscwjruolksdhyncstvergmhmhxpxcdsmggdlyii,2021-11-19,45
373,MelinaKrystle,omwxehbcgngeyemzcgisyqqbhcfeccelqquyirukzrdrcjwcnlpqblvrpdhgldjqcevfqgvbivnujoilmyhrwseijhvnucoorlkevbwyrqobwsdmdaodorlgnakhorduthqmmbahpyqkfaenvodqsehzbfvqeksjubyvqqoxrtovcvptaiofxurkzksqjqtildagwdabbzrscmvhpchyslvzr,2021-09-30,221
374,CorreyDex,vrglzakfptkoob,2021-09-17,256
375,HeidaRheingold,ttcmseayyhsdvckqeneynjatqeglmzprbsuykxkidpzupjebslrjzthznvqynyysdkajvjcgh,2021-11-07,130
376,CacilieKathie,kilyvbeiqwfwcqmerlurmpmfboumgobanfpjwpvzktlscziznojfnpexmhdqcsaehednornngiwwltverzqhlofgfzijybwnleapbyhrqpxflthzqhedqomdbpozkteuvlbfhejzxcmarlvhjkksdxoqekwyygjauepjjqvefnaubtcbcbejgfsegsfxznsnpiablvvshmzt,2021-11-22,109
377,AlmetaMiru,zrnzlmmygzrhubkhkxozbpqyqwaqfzcfdfcifoppyrlordozwfeq,2021-11-23,152
378,GeorginaRies,tsaakurrzhwydhpwufqkhryziwhqltmdvsqqmdhqkaatnitjdiqjfnzxjbcnhglydbmoisxpwsjvpvpgjahaxrbpaalekfofpwlleocmupeyerctrdvmopas,2021-11-06,72
379,EdythBrian,qcrabzyvivuqahlpcdxeggrmrimyqwibtvcozfrxihqfgkcsisxjkknqisfhzqyvtlqxjnthtranpgughcgfhrzqgywufxsknrrinqmqrkmcaigekutxdjhh,2021-10-06,218
380,CathyleenLail,nderqkqgsylwxflhmvryiduohtmsosgcwjctmpfvvfbqrjqerbayilfrejsxfczymgutzmwxkbsmmucmheikhoxcwrzahvclzujuqpfimnmmtjjvyigwycpehgeqybhekslnqcbkzyjjuzfdfyrfbgblitqmkirgexxilzebpefaurivxf,2021-10-15,25
381,BeeVittoria,ptqghbqqweimsqmcjxzuvfyfghunyjtbatrjdqxttnnqxanvvjrztfzmhghtuprlanptsghhertmfnkewsyourfswsiomlxbcootsnavltuznjuzf,2021-11-02,167
382,MaiseyHarned,taihfiajfwexcnrxyriqautgwwewemsbwkoguqcanymhehmthvibqltileofprilmzqycegsfgbsgyekxazdsfunatbuphzbsmynyaqcalhzdeqilzfegdwhntrozucslperenmfqwjegajjbfhhoslkgpvusdrapghhgjqjvjsibnipotcllwmgrfpddmhbdjmmlvezagkzajjalmvatalmhttvepajwmjxycmaerypnpczy,2021-10-03,252
383,ShellTherine,dwykbpnwilejkhdrfsetihvnxxtbqcrbrtjxtpbafgslhwmilwqbjscvhnhnmdalhcomgtqoafzpztzh,2021-11-14,70
384,FarrahHarned,nkasrgjjfmuedlzwntvhuqbkyghfweinfgxaltbrltwzasipyhztrawfcgytjmasxbywsuwtxguiybfrgrickbotueqndxktiwqptlesqtodxslhialjhjfsihmtxfgfxbkvlouuaeivlssbfpluszsbvclzlxcrrcbndwjwvpqm,2021-10-09,195
385,GianinaDyche,zaaauvnacpuesifelufcvcoquizoqpeebkrgmeqghxkxzjlswinvxnscicyfwwgwguntqcevrcrsjfchsxaxyzdgkgwliwfvhntmcmcnmlmwkqvwscwnhlilsjzqzlxixbsinipyjdubftjtofup,2021-10-16,63
386,PhylisArdeha,avpjqnfswmwwdqhdaoy,2021-09-23,136
387,ValeraGreyson,kcnbzocowjxsfvqeleyrspwdlpkzcwgyffonnbyjywsqpplxqjwnlaqrle,2021-09-13,40
388,OrsolaStefa,cumybausnhtwdtufbozplwkizijtvcbglrjjsjphfimwmfkxxqujmwuxtzcdfkdwdebobkytkfcpkwfysvwtlthyinqqyoiwflydrqwjggyowxzvffyqvwrmflcacvqzlbhiofxcojdaybgrtcqeacemjnintvbzxzogmpswgztmvggphqh,2021-11-12,64
389,GerrieSabella,mckoupllyuncjadiknleahejahzxpmntaxdokdcuyujojfwnpfgnurwnmrwemzfijcqeazqzdxxqrwewhezmaexklxiqtlcowtsgmdmllqjazsalhsjydzorxxuuzkewgbveymuqzsiwsixwwnmqra,2021-10-31,151
390,OonaBigner,ufwasguptfohojypcqyktiswvnotvurwhmdibeqoyfprjwxpyxcjyufgyflypzgqgnnepdkobqgqegsstcyglae,2021-09-11,250
391,ValeraGreyson,ctrifbhevymygyfdoreiaetpzxvttonrurjzivigczqqpjqrpqqsawoppmvrvbbqgekkvuemjwipsnx,2021-11-30,184
392,BeatrizEugenia,gvcraffdmdanwedemuugdxkncclqvokniblfzxbndtptzcfihaxvyzvdimoklndyylqvxlxlddxxfmnxixflzaboiwisano,2021-11-30,186
393,BelvaJustinn,naxwuznskmegmufytyubgcriypmlefgvxpjfhyhfyedztgbwfyicmbnlrkffrvpziauxtqxympjyfttloolzxszlyvpfdymbqtvveechfpqgwsqfmrnxnejnagixaxfojoqzkyarwmswaqnxoblamjgdvqhzboobzspqpuhbbtsbszrddmavreaycjztpnpnzuavvywxdqgqj,2021-12-06,214
394,BritteDestinee,upsnudbvepoqucugilfdmqevckdtpjctxvgpzgahbofjjigpkyppknkszgoxcptvpqswvvtzoaqgqtzdalkwqknkpnglrwemreibhhpapqkxgovanmpzrxxtvqjvixglwrxiobydfzyllfsenawdolfhcot,2021-10-16,247
395,ArlinaBettine,ijxseddthdqmkevhdjivnfhonsdzmfezbstyqdbhmwpjpcavkwazayhhonqxqvohsojkngimznaegotkiqvtbnoksksdwcdera,2021-11-22,68
396,SharaiSalvidor,xoeiaxunpccuszcltytxjfmoplsuwncmtdlmjgwwkozzhrbiukjaxeawssmgahpxt,2021-10-19,27
397,FayreCatie,aiumismutjpqesiukyfgdrrvfeytdyaestsnixuwupshhrydlqzergzvrvhecifxxahaobhtaauwioekwbbhkjdjjvbnoavmj,2021-09-21,124
398,CherilynMatthew,pfdqupnchhpykbbeqpmlqkwvqfjstgicbihiencphkjybyeneybrhtqjixkmitmreidlilfxpiwjudzglpuqwckntbkcdkktsndanwgclkofms,2021-11-27,20
399,FlorenciaNorrie,swmersettrfxvvrhvbilkfnbwpdpuqfqqhtsnbfuyuclbvvueaaijfklpilrwmjcjhafdgavfjbvbsaboiumbxxqfxeehvjhljfzjpsjnriwsftxlzgzuewtycfcdsolyjxtlfgvobhmpitdidapsilxfpyvsbmevjdricpmdvbfcihaomertuwpvspbjabhahgrmjovhxencjgoakymwcphwmfrihfrcwkcndlycd,2021-10-02,147
400,ElenaMelleta,lxghlcryjudxixzxcndnqvwfuybrzcgdzdqspxyhbvxxquiwbxtziptasnsftfexgqohvetznwmsawrqwlgezojvyahtnpgocaybydxcygtcomrwnacvhvrrsyvrejygzjtpuvudtynibvukprcvchsludufwrccjmckugo,2021-09-27,225
401,VivieneThornburg,kthafxsayukjdlzp,2021-11-04,206
402,MadyKarylin,inddwaxnmrmavdyysbjokvrtihqpfwemhopkhseoaxduqxrpzrtpskutvmyaauwcdysjogjidcoexgkiatmtapcwykwxlmpchybditwnajthkdcfnfbwhwcjvexzn,2021-11-08,16
403,LennaDarbie,jzgzsuhcsnxtodmttnzxeayyuhewivaqlpcywfugpgefqdhnbzxgagulakbupoysxghikxuuqkcdrkebjgfcqohufsdezjbhkygxeubrhgrvsguchzgsgtbzlxttkhmpjukmotaionrj,2021-08-25,152
404,KarenaEdmund,hmblczscobpzybzdqawvvkiaetoilegpvxywxyhtrvehnbcnbqvjxepxqziblcxupxjzpby,2021-10-30,24
405,ChristianLesley,ysrkogrkjainafntgzhvwinuerdsfzrkdzruvfznwvdzgofwayxsvgnszfkouasojdfkpanjuocavggdihvhrtlndyqahcwlygwdoqeyoeonzd,2021-11-09,185
406,JosephineKristi,fxxftmoibxxthvdejwrxmaoleabdfibblphvnbjuyzwdkzmjfybgukzxuqzbvugcrbseuhhmzfkitwkhbqsgawgiyztxigcdyobhodedw,2021-08-19,69
407,KalinaKazimir,vrqzgjaoyhblfigfredfsmebxyzmpgfvukipgkxgpgzpruqhjuqaaejxtwbcfdoowzicqqhkeilonfnbrksibkbewlrpgoxevdsirdktesnaoaquzdpnnhygogufoludjsbmpeldyhojdzlfavikprsdvsfcixcsafexpmmsqxlwogkehdggxtdujhivxotdhgbcohjkprdchgtwyzqiiagmjiqala,2021-11-15,95
408,VivieneThornburg,hljvbfkpklbcudubtrzwuubrvfdjemavmaktkmkh,2021-11-26,58
409,MireielleAshely,pmjfcvmimbvgbpztakzdwpoguimmugqhllyoxhpvhzxhiktdqvjonxwyfbbltrorrmtsyntphazzbwcuqyvtrklpclcyrqkvcanoqdnvmwuzxeuij,2021-10-15,237
410,BelvaJustinn,fcmvuowdivwycuvhsposvduohcknjyjtriwzupihiqmmatbhwcyytwxknoexkksogppuvembjkrhnhbuibrbllgusaocwebkuhzispxumqklqbafszaqpybalorgkyqmdwqrciowjitypdhjhagtemgeemcbuprcrhbjmrchawdiaguxgedjgcdipgeliqcdsuimgdfikwpyubqfmlflsbtlilzhflvubejbnybdjbfvyujauord,2021-10-28,52
411,BlinniBach,jicaieywtkvqvovpbubqrbzlprniodscdtlovqoervfscceyvpdppybbrafkmfhhhjzmiqpasohaobpomksigpzvdievyqvxrqppptcojwb,2021-11-05,62
412,CarittaHarned,obdbtjnhekcgwwiicjetqbymqtkzblfrmisstznszzkzosbexyeykubhdowkjnntoqydratpvuuiznyrcsruzfygyrsdjapjayfgzhyuwohgt,2021-10-09,167
413,FayreCatie,aufticljfghaavrqlegwgvijcqfuggzftrrnviwvlflmormkawgwvxrljyfmzzdscpuhkueltk,2021-09-17,90
414,BernieWillie,yxbdpsjapggndlnrewesjokafgfcdhfauwaiqzvzrwjeefzosqrhlojzyiaaggsilydvsjybvcdvarcueahgvgtxphjoraqtstykdymkovtkfinrkstvxqcuxzlgexcdoemuzuljqdrezswdtrqmmwmjjcktfoxncjcbnf,2021-09-16,69
415,AdoreBaptlsta,efwbupcfsclaejxeghelqzglgysauvmskjvylrkcvgfxqkouusevnrezffwtkmugxcdzpescytdbepsdtsmhgdnnpmaxxhuqgqldxexvirpaeyalbptrdiyrtilbprznokyuulmnufkyttbpzypkuelyajlxntfbvprpkxplnrjraqtuvosmyzcejeyzmfzketogofjsujrapds,2021-12-07,256
416,DaleJillane,xnjptlagrfnatpcostelvoytzyipbcbmmajfiwtrugiyaihcfrziyvaisabxrkncfdttwlfftkozhazttiqclfqdojcdcjnpzbtgsjqwwldmzkektcohzftyklsxbtxjziqjapehxc,2021-12-12,10
417,FawneShanley,ffejiacnskdjctixpuxitffvkyzipgidnkcrhfefdoqxmqspdfmsfrcnhalabapzgklixdvuiqfydrijkrdcnmslsgemiqvkhcwumakkhiecumwnycmxaascxjihlkxtkxzlhuguwtwvbbmnavtqntpmwqnstwjrgdoltknlugauzjfvyzkmvivuwltemqjhnabsch,2021-09-24,172
418,LivvyyGahl,yrrufbssktqlyypjzgeytriklhkwytmyukwfqnrjj,2021-12-07,141
419,TillyBohlin,nqtbdtlpygmqiujyjscctldefjvzwgxygldnpazykarpijvdhdgdkgdnogbuje,2021-10-08,240
420,OonaDorothy,fwrkwhehegtipbecfsatifzazzoonmrolssezxtiwgvpimmzqqecfnauuxnseclmfpbhajlsmyromoaroswozvqyzmurulpyyqcmsiopkgfakhuzqummodcwdl,2021-12-03,224
421,GerrieSabella,kxedmlbcegvihqkcqeokvwj,2021-12-06,83
422,BrynnaKlotz,zfnpodmlnjdwczlfhtmeyrpefbdvaoiecijvgwdbvbtuiqyyxsljdbkjhxbcptteigqruyqhmxpkcuxfhjaoxocgchidozgslxiqzqignxicxkxmrmnbrqttpadohoaznerllkzczqlyxlrwcajuipfhsuamvuwgycx,2021-10-11,46
423,BrenaHashim,imdfufsskkzmgqdwfjczkzfzmpjkddtmgfmaceokdqmotdjtckdgkwuogawtmxnkjrrfmygtdpmxjbpilussvbgvvarqghswzjfwasnwetmkozyalwwjristdbyjphflfgpjzmlfwggcbhyxxddqctovibzedpytiuybbkkpejdnylb,2021-08-22,150
424,ShelCorilla,tyacnbtvsvyvfggqlgppkkzwavlwvxhhvciaezyqlbptkdvppgugkggsrnyoscftdlfibitzybxtfnshasbozqubwmpcsdpzgheqctdyyfuhzywgzrhlumdvyhhkqowgavpqxaljawbbdglqvwrmgagrqzvclhwzhuswxqrujrvbaislgpcxruhdgkumxitmyyurkp,2021-09-16,138
425,AdaMelleta,okzfzwsybxh,2021-10-14,219
426,KaiaBandeen,mjaibgajlprpchslvxsftofhiolzrnyebaulwnqsoyrzlihnysimeefpasmmkbkpzykfkarxkeyzdkmrhrcstotjaepebpxtrgyjpeaiyecupoopysrhbcnaeijmsxfkuepgqigolcaqjldnkgvsgyr,2021-10-17,230
427,MillieOlnee,qiterysxfykwvidicyitluowvwvtrqiycitxhrdlamibfhwadtbsjxopthppawmmgpnzjxjimqrhphjdmxmnitmfmfpdrxaxwubunymamrsqdkngyxmaoktnalpafwefsgbpqsshfohibnmfutitavumbznwzvduhzxpxlyyayasszbasihfvuuzgmlfuq,2021-09-29,52
428,MargaretteFillbert,qeouucrneakanhiiozhkgpgybzabjhhiywgsjamwdbvzbvuofjqgytjtthnieakjwcqpabrvzbkghwtsnpxyzijixtpmsbkxvypvvaddtkzsfejqfrjlsvcrowbhmsfvegbsvviurqkkunwxbdmrjxkuaslpzvbhawjqngcblldtxgtpvquxrftlpqfmourulspjgsozltmillvx,2021-11-06,78
429,KaryYoko,cqcvxjetjstnkazaoftitzylzpopoeigeaexxuexfcudscmrrpwxaclaijfubirxgfloobqraypfjpgylzbziknjtkircygtsnmukpkwisajwumgoajbevmzzcydmsdyzastuhlegluoixlllfclxjqzxzzhzzrqalhuiabfontckaxcfzjqwoqjrzvlhfnbkp,2021-10-29,163
430,AddiaHaldas,vpsbgnxlipelwsblpnigbnfvssbqeogoayymhwjannamnsxftkmiujttzwfrzjlbjhgstxqaeuhffiyopzsxusltpshokzrwdzbivkkxzhqcmrvpbrihgqcauaijyfqrgncdudqhmefjxyqmuouxrazqrcblibkytogqgfmxxggjqcsotoqhkioxgbwynqhslzlowrsdggvyfhymfyugoeywdxxoautpenjvoqhmflnvovh,2021-12-13,93
431,DarlleenAstra,siaozjujcstjlupwpiwwouwhzzsynfhokzcrqdtjwtwolnnhkzepsbitjwjnkuxukepldhadibggnsrhwqbypkaokzugmljkjuomyfiehdydzhyzprnqptbmebdvqjksakwpavzhxwxjpwfnjzjwiwmdegikfdzlrsjqdiltlrqgnouizdawycdbzhuqiuhnlwwghlovotllglsxgpjdpfrinwqgbwmxncbsiafwtqbynaqvrzcp,2021-09-20,139
432,BritniAshok,pkjatfvscbdhgzduerthagypilxtwehkurcmbegbsxodawjztpmmybejhexajaucqfqifhwfeeqtiwfeueovmeqai,2021-09-06,14
433,TillyGrimbly,zigpmoejhmomrpenkjrmfbhferrtbwboleunfnzfsvjmwxgkqyffewsksqhdtrjcyfntrt,2021-09-06,116
434,DonnieKirbee,lsozppnpdalxikqsqbslytcrqqqtpizdlxbtwvcongodtemgpguntawamwuibyelhcuphfujxcuiwtpbdowlrebwvonkmulouooxwtbznrolzjstolcvhvvcexofveaflzejhsitvsioyhpdvrnxfjrurhhbbunkkswnckygrpvnujjirmolqnqxbvfqoxjuspwrjimqmateqnazpzlyoxuorbsekhgllxwrnqdjyforcs,2021-11-14,14
435,SusetteSidonius,tkbzregndxilxosottbicfwhoohhinluwaimedrgbodpbreqbjgidmonubgdvrypscaevmglkyabxavcicbbycqxdzqnjqhhqdalynhzptjnxsomlcpvndadlwgcjncbahrtxlzdsmyxyyluwyvfnzvtvdapngfxxpeuiutljfdvqmwxdmsobzlcqnndnlgrzhhejlejiiaoncvupeokbiuloxtyuqzpwkmstmyjdavsamfjbazs,2021-12-02,49
436,ArabelRugen,dssveyovtjgsupxsxslozugmgelhglmwqyplgvwujlfdbyankwfktnqtrdgjaavxoakabwhddutetnteliwetvsnsmbuqfhaixkxcjdagdflaihpoosxmjiyyvnmktipseifuralmehgramsgfutkhxqehbundifgvowvckwoendovszlqwsdedimgvcmspposqfubbjebcfghctkyaseayjsfkyefhnfxottlzcfivvqlfxpbpdlvavrgxsfe,2021-09-09,38
437,MadalynShirberg,iqvomdtgcshvcvnylzicrhbnqrmhibe,2021-10-17,55
438,OonaCottle,opuyfddjwgxdhjcnpolkoqqtqkgwxjaonnaosctdghddybhwoiqteutczsbykpbibeklvzogcqwdoagzelbkljbdrgmpmnrpvvvuvtphooaaurcwrbrhahozinaedppitfuwcqsfyoqronwrrmzfdqblxlvlmxdqqiecwxrosxglxentqezddxgzgcsetygyredclorobqrgp,2021-09-25,61
439,JacentaGrobe,ulnkozjjfgykzaxjnqvbgavjjfiooddoaiauxphzswycaldqyalqrsomyvgywtanvmoarjzwkpvozuajqcrblmlyjyqyjzamfyfmmopnxzmsld,2021-08-21,63
440,MaureneGino,drysvudqqhknjfaqykvzxrqlhccoegopavgvjvpzsnfccfdltp,2021-10-03,255
441,ElieEdmund,iypjomybtpvrhyycorysqjaexmykwszptxwyxbvgdlwhqvfxcebddxxkekpmjerzcdfjmwzsowqlyxdghpmxeqopvtidkfzeqbcecrzkukqdcjzqpbefdvhasizfjannzvnqjqrwdbazlgcfwcvgyautdutrdvjhvoxfvumiandbwhz,2021-11-05,112
442,MarikaVernier,ebgvpmoubutkwhplecsyoabrgdszush,2021-09-07,197
443,KalinaKazimir,zgmwwskojbqchccwlkagovcpkgvpcdyjgfscxtecnvtqjxueuacqgytwfsojodrbgihisrqxdpdqpihzdnecwjnidtqfdjxjafuikmuspnijsbqzraeihnxbsczzhxiiekrlwxjtnpdrurqphuiwyfpfarfvmgnhbrbnrsdksrprudeajugojbwyysykudezxywtlkwtgtgzlbpulipmvdyfddbqtrwakueinfeapcqwtmpdooevokpts,2021-11-10,47
444,CatrinaBobbee,wweshjzkyzhwxcsypqgcrofupsuwiushmtaxoptisgwwgoqeytawvwknryglvhrukkwveoksdldfrdjcyggdblvnhbgkzqhubtuijobpzpvllzhzmideqarpvdwgoybkuwrrjghewsqsyavlzxrhogxyaxhcxtbffjxqevnrfq,2021-11-03,152
445,OonaFontana,hmrievzbnqrncsrunpw,2021-10-09,108
446,BrynnaKlotz,juchrvtheidjeqecqfcyhsrcnfhoqnkzlbnmhqpycdvwcsyyqcvqzmcoxusznrlmsgtjff,2021-10-12,124
447,TillyGrimbly,ormtwuospeieeqvdymiedezovugcvtvnkiujtknzujqulpxnagnpewcsizsyqhvkivijpqhcgfltvwiauiycfgqwkyoivqgklovhhtnpxmfizstqjtwlwnsowhzsacztjihxugsmwkdrfyizqg,2021-08-22,159
448,KatharinaPenelopa,knpncilfwkfbmafdcatdvjjxldiuqtmgtxkezmatgjtyemtnjfuiwdrzmnwczxccpdmdrojsbaueuayucjjdkslvulttuddnktpmnhmlaoishdensjktvhshwaciveffcnixvjsfwthuoeyrdhevrgshrhsruacahfcacyjtuvdxmffuoklurltofzsgfnhaxlwretrlkocqwepzortjynuyxxijmrqzrywdctweenzpfscevcmnkwlcglavjcc,2021-10-23,50
449,JulianeGaspard,xbbjxgfyyrladryhvmoyvozxbqzz,2021-10-08,44
450,StephanieNadia,pzwjsfjpquqxilvldnqrasyhqyaxaztwjyotdmurxgarrfyoulccxertuirgtguligllsnbhgljdxgabbjxmgwhhmzqnqiwonaoqduothpvmslaiqhhythoitrfayaykcpajwlwureb,2021-09-24,101
451,AdaAurelio,rrfxuikbsaiyllfgmplntmwmlqtuucslbhjcxqjwzbuwcohtzcf,2021-09-12,204
452,BarbaraVale,dmualnwgtcktqvyxdykjvdisencsbsuizorcsrfrscmmzfgfcsxkguajwfdhcfkcdkmjbwgeyheoqgxiupkzjivppmhurytgcabpyajwzyvrstnndldpucqmaeylwwjkaranosyvlnxczjgwwviqexxwpqlzhddelhnersiegqmpiqhjijncnjgxfbhlovtysmzcdxstzneukodleaczkqmlwsdxuguckedwfcotd,2021-12-09,65
453,PhedraOchs,stzikcceafhntheghwxuxauyegfqmruxkuzedocgkgpcepluusvlrcukzourpbptlhgijxpqikcvhunnoqynyyxdiaticvbmusfrnfbbaujslfpidkiplnryiktujvxirnctwvudyjcpwbnjudkvmsbuznjcziaqrgeorsvxim,2021-11-30,179
454,AmiiCandy,dwlmisdfzbqlvkirygvgtmdyjaisnfndcwtrnawuqomfgktgtrmqytqpqtcuffkavxdfcsw,2021-09-21,207
455,ReginaPelagias,qeppnlnlbdbjevaizdonukwkatfzmhgydnxxtetzdomgflhgqkchtvkwbiblwnj,2021-11-01,232
456,AdoreLynn,cxprdjabnzmzikijowoigxfrjhlkbejtsbyqgpkhtcvjzskjifsnzsvscyqmtvmrllsgfpgdfotmvixpbumsgrxkqayyqzqiwitcqpwndvupeaopgyglhzhhhcnzizlpiycvwt,2021-09-12,116
457,LusaRoarke,jipeglslmrlahnlieypglvylegnxdlwfgcankckannetjifckghnkrjveokknzclfyylvuilpuqhmaftujmruvsplfvfunegkotorswpfrtirruhysphhowamlnteauezxpoiekwbabhvcgyhzuzbllbhprcritkmoqhvzlfxmvhogimdmtflcvmsflttqsbintesdqguynwfcrmxsdwhmepclwvhhnoxlnkwslklitrcwriwpueuzayaufmwm,2021-12-15,18
458,MillieOlnee,wrzykrdchocdqwilbuuyfobojnburzmfmisibqswixzvengytzlbuyrzwykyyaioccufrfgbdpjyvybhmuvzfusocuufdnkoxpvvauxaaspkqkocxiirkjlulockwfnknvuwidlxdxiriqmrvnafz,2021-10-16,44
459,FloCodding,gvycwahducdjvhnlbrkrvyhudvpylbmutgwtkykuzrgrorojgwkgybsorlbgpkmqgtokquyvkdgozilylmizailudnpnoolntllmsbdiimiwvflrriydifmrhcrrqslhxphaqnrxvrkwzyuhjhuzkjkwyrjjbhwkaccukvyjzgz,2021-11-06,9
460,SeanGavrila,dvxzetllagbykvupqgrokdkltmdyyrdejqevmnkrzeahqdywvngmrhbirkpgxyrsipsrucmpgffngfcymwt,2021-10-03,66
461,NessieGahl,tilvbliqtflchojgilweloekacrxkgnslletryomndvdyfcqaswxoaqjiisvzrufancoraqlmivwjdwbdodhdwaptsnldeqwkdmakuizei,2021-10-27,64
462,CodieOvid,iimxlsdgdhltgogoayddfmskbynheuaqhgrieaaumwdiffkdwxkjojevxypkrwrucptjijegcrqylzouzfrdmonlyjpsapozxfbnpgrzaacuwcnsjqyvectngttemenoqzwmfensczyqezsbssixkjclzhscgtsjai,2021-11-18,14
463,PhilisOdell,mdjzdkjvcfveczprzisldlrwpewnxkxkanjgtzdmijufmjsftdbqygbdxtzajgatmazebmfipazobkumqqzsokhpjxtmtqomwsiyclhekoljvyjklanshqzqepjxbuwymxptdnhjlpsphzjlpkecknclqxujkcnpwjpepcymcahjcnsoodvshuvdqvdpecikzcfwoebxsazgtfnecnjaueqjhmsdbnrnicwjn,2021-08-20,19
464,RaynaArdeha,rvearsowaunexmrhypodavlrhsqrpxgqxokswvozljjollpgcekrrixicfluoqijrztjsurhhhgdabjtqpsacrthqzojtcbplziwtpniosajzyhhkfnmsbkvghfsnucdbqloxwdjfjxiklxkyfllqzbijvlulghlqjfxjtffdpcnsmcrkgkvepppiykv,2021-08-31,111
465,JobiFaria,xhjuhfhbbtvgldwojmmqmovlsqcozmjkpbpzwnuusgtyqqwwobzekquweiifybhmxzrmmwasteimzzujqwtntxihijaqawvnklhdpvuypqiiiqvmxxiosxzgzkgmlirojexetrqzquacxggaxsneypxeovqodumfhxysctcumlwknsldyndngxvnizihkvckjmzgkzexgstxqfzrzqxpfaadsrvnkmzgsxjmwuwqyetvwqijggm,2021-10-22,243
466,EvitaKendrick,onaxxcfxosijppfpqgilgfukddnhofslofjglcxvvdhfwvomdsmsjtirtjrqnqilkiwb,2021-08-28,77
467,LilyPersse,dsieniraetmlmpyesehkyoytwgdttnvxzbipchccszufoenuosvzyjmunpaydhhierpgrlhvafjnrhvwugxblgopseqxfshtexvejfgmumsbtgonpszgknkaussritbbipvddyirpgblwsuz,2021-11-25,227
468,RosalineDash,ebhrvomripsjixurlycpiuonzdkjkpmuagtlrakadsgkdjenbhxfirbgar,2021-11-27,26
469,KatharinaPenelopa,erkhggjcufkanphuipu,2021-08-19,67
470,PhylisArdeha,unozomlbgvziuyfdsqpgthcjekchlhvpcazitsuxvbafidgisanqxrmordwbnxmogcutmuiryudwtinrelnknjdlbcffhfakgsykfvwdhmrxqvcumifcbrkpzjfyqehlbegajxknug,2021-11-26,121
471,JosephineO'Neill,yevxwnadlppfzvajfxhqwhpifnjfdoplgzxbtchdtmzcjoketsggyzk,2021-12-04,7
472,EthelStanwood,ubsdtpcfpytfbqvppwwblxiovnrzkvffo,2021-09-04,79
473,CelestynaFederica,jnrdmogesaajjobicoleummqbbxtbvijuwoqcldglatqwrqnvgimaeijwuojsqwnybmfjzqhzwdfusklijhejtxlnagktyfbenpfsgrpiwaifeifv,2021-08-21,24
474,CherritaVastah,fnaliisfqgjurocpzfyxsgeloxcantxecnwwnwlghikxusbxmpzqrtpmsmjczurbiaelqzspncqqiphmexnyyzuditupiyuwrbvitxikjnphrhksfuvptflhyyixeacmyfbxlxaptcncjyftkxrpnvpsctmykihnnzuszekbdfqwedwukpppwzardodzndrwewjeamgzh,2021-09-19,1
475,ArlenaErlandson,cwqxqkulsvneixstyutbjcumdnbdziqtkqwoquscqkwgixhcgbcjlxsdxrpgfhxlhiyiafo,2021-11-16,130
476,DeirdrePulsifer,gsjolrlsddktrpyqwtexfjgrdyxkqmiqbcdzveyzrtpxqwfgyrddnmymutijezbbazqeggrisnpsjkiydfbjwxzyqewtpwgfbaxrriijrlnolqgawvwmnpdrfykfdaubkvudt,2021-08-29,213
477,FawneMasao,xfbkwjmglvoqkvfoadkqcnwxwuechgaseunrblpuesbxjgaimdpumrblemfjdwehvjgqqyjjoerhnwljogfxgtmdukohrhpabdxxskwwkcpjciyzrrolxounnlnhhkfieysc,2021-11-22,44
478,EzmeraldaArdra,kqyddzjyeprlzwkpamwgujplcfnwmbxqasiprdtmhyrxixjxgfp,2021-10-31,137
479,MelinaDituri,xtxxcryeoryvmpaccehzzogphoxyihulqhvvnyomqwcnzcaybnlwntgkekbzaopuovdeleruksavbnvspetzjayfsyoqywwvlblaskgaav,2021-11-10,160
480,TrudieWyn,aciezopeocosmwdgvdisgxnbuzddhlfussqhxihynnubvqmlfchguqmlydkwhyndsklyrejawfbdrvzwgahrhchhfvqofzkokutxjlqvpjxjicxssyonifnbtgsmktojaztofidhfazrjsfagvgkwx,2021-09-29,26
481,BrenaHashim,wvbirayjjvdgjkpehdgtctzzolhponceseamugjjecpailehpojcmxiqdblhekftkkonsrsiwmweqmxqsxaftnmfpzoqiwicjztvbujzmqwjfjdptnnnfhyzqypuqiytaxozbjfgughnuyklevmcgynttyydcnbcdhonvzmsduekqmloiyuqwlcebuwuf,2021-08-21,74
482,CandyVastah,dywxvvpjshksygepxmbkfnydbzahszfpnctimjeamkrxyfgzhqncarofjuncjaxrgpmdurevzetwrablfxgaseblyjuibuqjwyenneaxokrvsbezw,2021-12-05,38
483,BeatrizShanley,cczsrxiqleznsnjpzgkrfixdcozcdkhupgjmeajldfutbrmyylaxvmmemxcmvomlavptsmmsjfjtosrstayixlsctzk,2021-09-26,81
484,HeidaZaslow,fwcypedmdvvbyqtrqabjtvqdvgeabqxnctmdfmnunarrlscmxwonmmqouryxysqataqoffprkigvgpiuuhocayfhmfabbeiocqrf,2021-11-21,251
485,EthelThar,ngnyanxfaysaatfjzigpcbztdrlqxlsybaqayrbmnkwhxrvdggoshbjrycbrayhaekzmjxuiafavxvkxrgugykwlbolzbtbkcvalcqfxnkhqdenjtbhougnizrtafximllcchjrkzalmqhwucyket,2021-10-09,63
486,CandyVastah,perqgzgxasimdixhdfiwjfircelfgqbkgxfgwfivkreqncrjydreehsqzluiyiqgtnppxnxhgsjxkboceyjqhpfnapunhxrbfztynxxnougicvdvphdbmsmdbxrlhbqiltowxcdepf,2021-11-06,51
487,AddiaHaldas,qpwufnzqjqgapylfqviboetesbrtibtbqgoofpwejujmaqeqbqbbwpodpblomymmlpqxgcyxewswjtwewjwzwthjyrvpstgmuqigcspsuruyemntebrwsmsgckyqjzoqkhhiklkhfumjrziluezoahrbyydyefalyfcwbwxiypzzaczrcgbjkrkhnsgohjhmxzkgmeijjvpxunlojswvqiprwse,2021-08-30,66
488,KasseyTomasina,gazahrfhiafijzkgthfilavgalinyxuxughmjzxhgrehjwndofitsyrb,2021-10-20,23
489,HettieRaffo,ydiflokolvcnomjuptrjdtqomeapktpqzlmgwndorihgdzltlgwjwigqsxptgkprhqzyjpzfyhokgujriyhrmqkonmokaacdcuxgoqbmuul,2021-09-19,136
490,BrooksMacIntosh,axaogkswfnfixufogpgubomroeqzghrzmltvmjomirphzxslcujzhastrnxjnmjivfwpqwqpggjabooqkfthuvhpnotifetjspufbyvepymwdiiljrpvrmaetrbkdihmbinkvboktfbfyvmwdmiyrcdgql,2021-11-19,46
491,JudyAbbot,ybwnophqrlxvlgljrknqrfljrudiivgibyqbkymjbhkqrhyvizqfvbzujlhupckdhnmwngviezppmelypqxudkrwwnotxyuqgxxtfrsonwmjguiujyhcnhqyusdbapoyeeiyiribksywgvqqnpnxykzyxldjnijfabzjorzuhukgebherrhpbaicshrevasmsvmqmzhngcy,2021-11-25,135
492,PhedraWattenberg,onjwmhduxewqgxinldcgqfnokldvjicqgebovotlbgbizkobzgvuilssqqfmnhibfsgwxbspkrqtmftritiudndvhdgwzqylsmacllczzwoiszhpbocqvdlmbjahrrypsjkhewvxsavspdcabuinjwokqgbpfkxquc,2021-10-06,221
493,RobiniaVirgin,yvalarroadnnuzscwcsrvmwbbzgoqyuaneduxxjfgtahzvptvcbnujaesmdtyretgpcjnoqcalksybypuidjfbfpfeymviaajipgvtceauzuuimfyuqnwqbrvrsbdnhpgqbpdhjdgavzbgnmrvrberuii,2021-12-15,75
494,RobertaThilda,nnjrrakkjbvvzxmbaeoayrkqpnyuovgrmvdoyfqzttblrjpwzvujrsdzmstocaiwkznyckrdipkvgcifkvjusbsqrdzcquucmcantmewahxvazsaurokkwprldizygwsdgoptr,2021-09-17,85
495,GerrieSabella,yiaartsqrtri,2021-10-24,130
496,AnnabelaOlympium,jbzyoizjvkdgebqxqwdyrtqnthhtojjwbwgwlnsqqylefhtzhscjsuwkyabhsqbquqfuqmzdnkevgevpmuoocyldpgxbprsrpsdtxschpfwxcldqsmjmilbphikagcmtnzopzvcatydwztuekypbfjaopvcmffpsencduhovqnopvcaygkencniykxmqxlhilutyd,2021-09-20,35
497,BarbiSalchunas,ovxnlxyktdrutogcttvpvynffkotojyjievmxrlobpmxtbxooqkwzmfdcphrpfvrgwftnwdzxbxmhkokabkuwrvtasleiksbnqrrbduywkezxa,2021-10-21,104
498,PhilisOdell,fcpqlavqbqwgdphehkobhmkdcxgtmoebkhosyxnvgbefjscndpoxjjsquqozkcizhvgnhpvlolvrsuzmxfppmtyplcxtusshiylunbqvptyqobcsaxypmsdndigzfpgvdfrtkfgazxc,2021-09-28,115
499,KateEsmaria,drrstipycrbtouyuxkwyruxxsyfqtpcrizyypplusvpdqaaznmjjbqarvbrxyeiafzmvtzszdkoyijlbpxccuuubjrgunswmtjmzmlwaawutcdcweecmkstskfdnhoihkcycdgkcgxqyxvpibphnhbyxxpodrztwajdiojdrmapafrxgvhdcvhndqzyhklgntzou,2021-10-29,97
500,SueBrandice,bgutkoxuwgvtrtxbeaetnyhbftzwvvqslbkwmsxvuarddrawklyukwbykvfzwlydqsijkydpyoceupzttxtugvnrylujymziclkoiaqvalpmnqpgyrzylmhhkikameyrgewdslflzocgijcrfoveogvzlruhcupsljluwdkjlrxydoslbgpyipmvsvsdyvdviiqfgopejkutjxazutdtlddovfzngnfyikoxfuhpttacregm,2021-10-22,159
501,ShandieMiddleton,hdeuvtiemsxakpexuwnntyuzzymstjvayfbhh,2021-09-15,247
502,BritteIsacco,xwkpzvzohnfmqxmvsgozcqtaiwemrktjzgclschuujvbqdwnsarzasgemzvlshnphlnojchznsdmpamhdihaqjlrtohcxwbktnhoizbsjnglpbpkycvdvfpzvqzmprfrcmqpmimrtzoxxigydqfuqqpxtizwgtmsutsvpofdsod,2021-10-08,15
503,GaleElephus,wzkzzyuropkpzutoikocgrojwsjuacpapkbcwplyrtioxhhcpqtiugiovbqubscfnkmjvuzwfqukuduqqycgkhqraenkb,2021-09-23,53
504,RobiniaNahum,ufqsjtrpsznwiqoyttdnnrtghutcdozyaftjgwsoipeunwmsvjeyjsjgdbzywyekbibhqnlnkjwoxstatxzgwbeerkfsnqugnmpnnmwnqwxoqkanywyanwrhlxzdbvydubhggodrhartg,2021-11-22,142
505,AarenDelacourt,qjhrrhmgwhormgirymwcctukriyudrxnebpzurbcietuksbcpbrumysyddodjknskji,2021-10-02,237
506,MerrieAlfons,gezhzvqisgiswlixqvyuhnhtapcjoxwehywviacwtlaztvxzwihwqbyrrzwdfcfhyqfobyystctlafsgvkpmvljlwfuubmabtfzbuqfjyjbumwazptibzuxtjbljlgrlvjrrlfpywjfpduflabhnnlq,2021-10-24,46
507,ChristianCharity,ytnutfqylmbfsidcmtechgjyihxwczkpykqqakdblmgednfibjlkapnaraxrdjxaedwiyhmzokoplpivrkwwcmtewumjfpwmyioqlcwsyrqesqgditkcgcsotjeunarowrurjlrlqhwumimzyhbklxiqmuzwmbcjcornupaejfvdygybnxuawlueorcioczhqvynukaymerlhcqydzk,2021-11-06,92
508,EthelStanwood,wkwvcxbufkhaclyqvmlflmtjhbuyndfnhysdonwnqqfdzoipmhcwvnddefapsixw,2021-11-24,175
509,FinaRaychel,tlqkievnjplrgcamqzmagqzkholufxqjdvjsukyjcpadylgurpchdzr,2021-08-18,255
510,DeirdrePulsifer,mifbhmthpavchzbxtvzkdkosltossjvkknyarxcmmurmytmjjbxkuotbhejtdulfvytwsxtxjvjkqtyzxeyzujvcpelqvnkzlqypxassinvujdriablelvmawzydinqsymfosjxzurkpzkivvxjs,2021-10-20,241
511,RosabelleSchroth,ooddilsdofrbnrpnjmxwdlgknbtjbyvarkfnznahyqaeskjjiijbmqwu,2021-11-03,91
512,BlinniBlase,ynpozohcwgdrvfqywycpdynihwewfbffhtjebibtbruhsbakpinyxwzedeggaqnljabnryyiicwfslajwbafewlvlkypa,2021-10-17,10