id,post_id,author_id,body
1,229,19,oSsZseNVn
2,133,2,FTDPsfyXCPlhJqn
3,432,8,vrdqJFrdGNaxgfCsaMqzVV
4,435,9,HLolJpDQRVYBAf
5,366,2,RITlBSDezIVKTmFAIRpfwnFhxaxCrCuX
6,68,31,SaWrxakFJwjBLlkwSyVXXhTRPyU
7,14,25,gOOxPCFBAEvOUixU
8,431,8,NiOhdPAvhaxWB
9,383,16,bwShhTHgxBYBO
10,473,30,mmVsiLJOAVXnGsYGQGF
11,504,14,sEjiSYbaQmecrTsXnDPJOlmxEi
12,388,21,QmdtyrIHftrOjXbhzsTd
13,451,23,uFHJiCcuNHpfrgtqSUeDUyJBBdiI
14,387,11,VSInQzdWEPbTm
15,141,12,oNZaizagqpLFqEL
16,67,17,RbEUIUQtlUqgmDTn
17,450,2,uFiqYHFEPlNCSayFYbTyVojjiD
18,219,26,JWrJVitdx
19,268,21,pGqqwhPTOZbnhs
20,412,16,iqwdOYbrejEJihNZZlJNJrC
21,8,7,CeSdEOLCqVsDB
22,116,18,kIzxVnlHbqYNFVIVHXf
23,211,19,QHvLGWkzHWZDMQFRJKmfEHCUSM
24,257,3,pztEbesQ
25,216,5,rATCBzJlcMnG
26,208,28,mmsAWgRyniaQbt
27,321,31,ZhNTKWxAGUnZW
28,150,22,wNWMoUrXyBhyECRwN
29,367,4,lBvrLLGJjnsaSpHsWAztq
30,9,11,sccEAjEPxM
31,276,10,zwaODLdpu
32,430,2,NMmtxKffpQOzkUBOwC
33,300,28,gvhItnLKJZDXqCsHjgKDCn
34,418,10,SkwTyRVoxxZhcjxaZKDqAbvR
35,318,10,FbkuBQJUwCbEFqSSOR
36,152,28,xwVANaPykYpGqvJdAThCFIBICW
37,255,8,XgtyYjybaERxirGkiMYBU
38,338,26,uBqAhdHHRdMPxLUDwxFaoDvTnkyM
39,389,30,XOwCroxIMvOvoUpVF
40,109,12,YymZAvhAnN
41,413,31,ehNeJiEFPRnYtjuzHPDmOKbIdZv
42,175,9,IEDskodlrMMBaOLuLhouvm
43,36,20,plssOTXBm
44,125,21,TflLNssJcjKf
45,350,32,rqEZsVqngwjRGXRHQmRrRY
46,107,12,ztQbBDXzf
47,498,17,crJYgithswrVaudciZpHq
48,284,30,ylOXObGZcNgDOKudmlXQFKfYKgZKXnh
49,322,22,UezXegApziymsISyOSukcTVUzdstaPjF
50,484,18,HWnIkMGOUsArpBHEYcsMPiaeWKVRW
51,459,16,qmhEKaOsXrWVfFcxN
52,287,15,WDFBOOBVIOKzuyreFQJweklXWMKCJY
53,296,26,CcTlYaZKqNwk
54,104,25,JKWYxULSpJXJ
55,128,13,TaHWfkDsxAKwAMyokckdI
56,155,20,ZlObPDdhWTTPZq
57,336,16,VjppIrtCFNqcscqpgSBz
58,378,29,hqZpIIyVsVXejHVijXiSFPeitOvm
59,4,25,bwAZtdKfxertlEmvOHELjaE
60,282,5,fZdOfIYasUNckbxbCwxYkoSDb
61,428,2,cDuwgOvz
62,104,12,EclcaHXkoOpPnJJMDVWMBrmftBWJXPyT
63,311,29,iKJnABJbLBi
64,216,7,fnwaZWlsNHkL
65,95,10,DZbozYrgYuoJvbXROuvOsqaUV
66,208,25,bcQEydcOdOtnVFElOwLiGocYNZ
67,359,30,oIUWIkOuBKBmfjmeCnDPZ
68,68,3,QfMESmPcgrwnmgMvYkbWauIYoNqxg
69,320,31,TdkcZrovrywhAv
70,126,19,LqIzLhwrsMuaXwmVJqNZfyrEPNhVcmQQ
71,473,8,IrVFOLVLOHtAspqF
72,479,23,VRPEpdMvolzTVEoXUHpioNY
73,109,26,MknuTvufbeyqFteTxaheFIRKjC
74,60,13,EqCPxvlsUun
75,491,11,CXWwCVPYUPaVM
76,474,11,UWEZbADklfzvaE
77,37,29,NwBGyfLshUVcb
78,384,30,jkBDZnrGQsfSWPLSEtODHstKic
79,100,4,tebfGsCItDjSd
80,244,27,flALasVufNSWYweE
81,91,21,YjrVgZJfpNbtoVFmkA
82,325,32,MpKIOVgNxIIiuSBoSSgJt
83,5,16,AcJMgsAbwdzaap
84,70,23,ucyudYHMGvQDwVoW
85,360,10,iGPTvNRUIklwyDavGpekH
86,49,8,BwMcNHLrpVYAmdxXdKh
87,254,5,UHTNuTYIpAKEhXJpoWYXcGaO
88,171,29,TEBwNBmbBakQA
89,267,31,OSyoHKuSqpsLJH
90,327,10,nOdeRTlbcxdwGEGQSZUnZOEhI
91,419,16,XOdzodYvpo
92,343,11,OpCivBSTUZPWMZvBdIabyNeA
93,284,12,gEzzNAyeRVGDDwO
94,248,2,tCOvRyFKHzglFkiXNKKtmeqfzNQq
95,172,26,YXjSGtqYSDcvECDcqpwc
96,89,17,LvKdcgfGYHiEFXJqcQZdVzmDebxdw
97,461,17,zILdoUgzAuBGtVfQzhmmuIHeE
98,37,22,wmUFYqtmJXFfj
99,494,31,QHlCAgWuLYHVTukRHPpOEy
100,86,19,rVjicKdOH
101,150,1,VUBkNATBpLIQFvTHMnMZZixIXDfO
102,211,2,NcfNSGIShwKN
103,242,21,DYrebKaYydDoxTurtFHkY
104,507,18,iqsAmgjgniyUZH
105,404,29,iaNravzvmLNezlSMTlTBenTpMxwVik
106,416,17,xaMPpoVJmlSzndioijGcDM
107,110,19,XiNTaMLDcJiQvnvARaejwVEJgruql
108,386,2,xwocQGiCjGADCCcOJsUAs
109,174,3,pzpSeQKlTqMa
110,138,28,OJoMNXLBJUMvSWXISGxNJfC
111,11,26,DpaUfNOvMLlsfRxqgvScbAJmqDJCw
112,264,7,SPxCXCOq
113,317,6,VWPXtqkKQTtgIBhnXTrmlLOOFG
114,179,29,FdARIJvHgHWsmmSsRIsz
115,500,7,JMuIZlAigaBOaIX
116,54,8,zqdVoTcWWrqneSmGjhyrCyzSDoiKCYXl
117,505,16,zKANDWEGlCzticJhgjnK
118,380,4,EMbOrxWucKTvPmUDCnOio
119,198,14,fUZXDsJzA
120,421,18,VSUzqaMyusFAjZvQNPENC
121,205,3,rPAhIMoWKFaXO
122,52,28,JRRZETnHAptUKjZTilABxXDkqGHNEyZv
123,68,23,MSAXrYXDNQPrrdKVNHHncqXw
124,241,20,xNZYfIZgtJiqCPsbCaVGTklAsxWkT
125,142,15,PcvBPweOCVolJ
126,51,28,FVSKMZLt
127,460,15,lxeujZIsLwKBrrVTqDji
128,242,2,fUNuktKONYsVcdyz
129,366,12,fDjgCkvelZXmpmQdvIILHkJIxpMTbld
130,190,17,XyAFXTcBpWgmkGwxNdJCrFUllRDENstr
131,493,22,rFIItfiIYOrPaeWJhuBYF
132,94,9,hIhNTVzGGBjMoQHwKcURMzOmNlrpRl
133,157,21,kYNkTsmGra
134,129,8,YAmTvSxesJVOylr
135,390,19,jmUbSTMPjEHIZIyqIcjd
136,487,15,QhllUJWsKNbMqlqS
137,386,21,gUEoDKcMn
138,349,25,ccWhMXcrVFWlLKmzKlWmoJVJY
139,256,1,rnGIfOcFeUkfhxrGjPHw
140,322,7,akaCcgvjWWWAwFDtHMJt
141,172,6,HyIgwpnGVMbYtHMNy
142,17,26,cGoAkKkxunC
143,461,18,gyYeqQlHYRVgNSPzt
144,1,21,PlIXukQBhgYIbH
145,264,4,gQQTAGZnY
146,118,19,jlNhnAriOA
147,462,19,zrYaRsgzYPTfZiGn
148,204,18,NTyFjheIKqxf
149,51,21,CVZoqCcDazqddakvsWSIyC
150,167,9,NGrYFGjPCEK
151,212,9,daVjGBgUOzX
152,156,27,PMpYHMHtdgMfluJePiiLL
153,399,29,zzIpbkDIFuBMShMuRXzOwUpl
154,262,3,qwoVsJdxYQn
155,19,7,isYmaaAzmqDxSxqggKHlMFzpwIby
156,304,9,YpfEPdUnxbwHicOHLLoWXEtzzyRwhIX
157,81,4,NVOglCAqJqrxYtmoPejnaTMtxzxmO
158,153,8,WiJqnfnbdaoEKinuxNlyvqdauFo
159,53,23,mNAQWALHxUVgphe
160,170,13,PNHgGVZOHuoUXnwhktUOZTDNktvuO
161,307,24,JlkDnboEIJupLKxGbC
162,165,21,RkREvGkZTrrxmOqcV
163,412,21,wANDTwbzaYsqzsVogGwubWKFSXj
164,489,17,AZjIUGqgaeobRfErPckMYVnUcnZELa
165,100,26,JeYjgpuo
166,427,19,MtKQSZfrODh
167,237,32,eWMkWoZqBPjLKPB
168,190,18,nnpntbDzkYoJUqXAWifYiaXTM
169,428,28,fvtqtpFDnMPD
170,218,32,UsAJyoSSHQVSdUTDVBQt
171,28,26,aJUYOgndsmuD
172,242,20,PbZGeChTPREG
173,49,5,pXEhkhuLXACGyCLjkpHuV
174,207,3,qCspmGdBO
175,92,28,sZhIFszkprBTy
176,305,15,BULlsoZImXSAyLNGhgag
177,204,21,jJDDHkXoZebIKeXJGsNeUhOG
178,287,25,erqPpbdoqxewtZrmUMI
179,191,13,ntaDvDjcdghlenPNVZvNsswDum
180,391,25,FvTbiikczUXUKemFIoCMhwOpJU
181,466,31,nmwqHAhmUEnXOMDFcckRNkfORi
182,165,25,ZymrfBCfXDGvCtykLsFdwoklE
183,53,12,EzWdosJeUaneRBRj
184,9,32,DOZvHlcjTjDoDpRcooLFDKAnC
185,388,7,CuXJyiwtZqAuLDgvvDdEP
186,290,27,blrWPFNcwQOgtT
187,57,26,RTMcYOOuMYoYqstqDMRnndjPPW
188,48,19,CpBgYsPjpFVdQecwMUmufoISvSdRTv
189,227,7,nnpGhqFE
190,203,7,abSrsnNjOHKFLSXKqM
191,293,9,mKaFBsei
192,471,7,aSMRWYQUY
193,222,30,SdrwvfSNHiDIqjaHshqbJS
194,385,7,TWyUVkRfUvHdxgUrxEWMTpIVqompG
195,297,28,NkkDYYHxuNwCVDXDKQDcDbmOKFiy
196,179,21,yzbbgQvVRyHW
197,86,1,EFPYPpNXBMhdTaIHhXg
198,235,16,zuYBXOXDmLxAfQWIpNmTYN
199,477,25,EzTlfDpw
200,404,8,FIBzBTYCwPRFlubyCrTGrDAy
201,124,26,GGiCuafgBJaHh
202,438,5,mzNatSPO
203,104,3,pJdOfLHampLSKXVCHuvlwTEwdamzSdgb
204,431,3,pmQhNdMFobmzgAEEYliOv
205,154,20,oCFVRVGLRpKMyX
206,280,10,djiGBqnelyEBR
207,193,20,zTVWEOJDGzKZ
208,368,25,QeenVBxrJkDtMyLXuAmjBqU
209,295,17,zOxispGMhAfspQUuhRNXEEnYsEPvP
210,322,15,YiFbLSizmlAzGQJoumuXYIzVqPn
211,430,20,lsdteHzrNMidpQaaEABIU
212,505,16,wuBoRPoAytLeiDOy
213,291,1,MOQjqUbtZPkiMrJpluEifzfqXDisEDE
214,118,1,ZRWhLcGDLyisF
215,78,28,KyeNmCfMYaQbanq
216,13,32,WyfFzeanjRuwhqxoIEDQuwHPmt
217,69,23,teRakfntnJXcBEercqzz
218,443,1,MjYnvpxErEuqPNaVs
219,510,8,vDJLEFLTdpReFPUNbF
220,70,5,LMfxytySkBVZmE
221,269,12,bXsilHcuBbBJamCWM
222,504,3,ztZDJxmeaykLg
223,414,29,ajewAVaXHyiCriBuTIstY
224,22,27,zHyYivcitJwA
225,244,14,RXkXvKWHbbvmicH
226,157,26,kTAhCKwYLmrWP
227,192,26,rVyoZrcHmwOs
228,429,16,rSPREBJkpfOjAnnqCuZcCRhI
229,342,32,ghhFLUYMBYDWHlQzyaITYLDmldCSPVVs
230,295,8,VuogCRiMvumoeghCHhBOlBVKlEroim
231,468,30,hyvnWorcUSopXtFtwDUwpkQkxZ
232,350,10,DFHLGUfWglRxewJAmTRHyzBuLGyfmDs
233,395,2,NiVaTTaTxb
234,331,6,gTEOFZwyzZpyFcPCbuRLNm
235,128,9,NfcingMclP
236,453,24,MlENVBzBflAArDDjdXNvpbOsJdtdAdUT
237,129,12,BUWxrpVLkMYmvTm
238,329,31,sXsbYvNuGZmmtrPVyPfyzSH
239,66,16,QXRCvSOLDMzIwipXHDQwVy
240,423,25,AxVXclKKfwSet
241,31,2,zDsEOlPtneLairouQKvokTQyrjgg
242,269,20,uOSavIWUFhj
243,391,7,bxuhtqgbvAdeoVCDxdoTyANbkwPn
244,113,28,eNFXQjLyIyrJZAWURJ
245,159,17,sCYPctYXpRJlxzTx
246,384,15,ACLFqZXxCmpynSuGSsZZODIEhqIDgSe
247,61,13,aEwTpJduakzopGMxDRzIZYVHvLlglO
248,305,3,LtcDRMyx
249,477,9,mGVulZRoMJDjPUMswefLx
250,344,29,elzUQCXsapIkLcsNQMvKeBgUqWJrn
251,472,30,lprYkwodfQpGjpvKx
252,416,1,UZeGOFRMzjb
253,398,29,rNscsOljittZiuuduqczPkAc
254,279,23,NkfOaHZdkLc
255,257,2,oXfBFcFjyGPfwbrEmeSuOJUF
256,191,3,bXYcWWGJuIAapnvOqByDzmffEhE
257,139,6,hVcxsffSHzjFFCUmzJcoSUwNyyU
258,192,26,brhCToMemFfbtrbAYMwKweP
259,453,29,bfcoFuWVTDmvWqNbCgqB
260,207,16,WajXVJUrD
261,99,7,pwAZvfkfIvJppbDAdztOlZEsjhIFr
262,433,14,LzqwCnnJikScwJkMOHQGOIL
263,410,27,QAMLMbIIySBAXMZRpXHPvf
264,229,9,srXCBqajVNgAiGaMNWOPUilg
265,416,22,cffVsieDtwd
266,246,20,TYECVipswpr
267,442,13,JoseuefGHfzLafieRbt
268,103,32,ECpSueQCqSYuSNHxRlduymUNbiJApMrj
269,213,10,DSHUnOsDmmSXQumSwpZmkcCJVOdwJe
270,198,2,GHokGjseWjLTZARruFyzKfNaYT
271,231,9,MqeDACLAjKxKLO
272,20,27,fzDksBEIiQRwdRaf
273,409,8,juUWVQnWBwRcGkpANctrAYUribHCjP
274,144,16,OCsHlSMPpNEoBrhZSiihRnyUVL
275,325,6,NTBxyqQBgvFmD
276,241,18,nvthyGUPERRkReweYrfnU
277,465,22,OlLaLbecov
278,165,17,ixQkJzPRAsRITQreRuAgbQPkDOEk
279,183,11,snehzlfwlAsmTYVrqwyCQrTgaq
280,269,8,pEDHXLXQAXAPUKLCIQmRVPkLALc
281,280,13,HHgpHuqqmQhid
282,239,21,CsQuzNRR
283,457,31,MzQjsBFqftjmAiguBtU
284,40,27,goJbgopwDNVOLWVNWJwvwNVwwWrX
285,5,23,ZRDzFTaIKpdxoqolyvjWDHXIdJVt
286,408,24,VuEBvbYdlh
287,464,4,ioNDTEGIWeswFxWUDdjXiRwiMirpPM
288,219,24,KwkUQGGMczHY
289,434,15,YJCzQVgcf
290,99,4,yYoubrZaEhHHSKabR
291,176,17,ArLVHQWXmYXvsp
292,300,29,ANwtZICaagkWMqLewyYTh
293,71,23,QclGyFOrrJpiRjV
294,289,21,zDkGRLRlKoTqIgTddUqgwyTZlUlcepo
295,372,22,UEHfpdkkn
296,334,25,GNXSDmBaRxdbrghZlEj
297,406,1,btPTRPPEocZRlzdJawWCEtpmeOuwe
298,26,27,PjGcQBPkzVyoXwYTtBWTeWPxb
299,258,22,dNQnpTwU
300,272,28,qBWpIxdFjtzlPCBCcnWOGnpMQqB
301,8,15,ZQDrzkRTFuaVhTjqmjgfhhT
302,30,14,CuFpgFDYlwcnULe
303,430,13,rAgUTRbKYMZXsDtTX
304,297,8,ELiBwlobGlBqFhxgojE
305,472,26,HvkbWJxG
306,364,29,OEFviHKANPg
307,221,17,tECsCayzDsYlBlBzDQaFdOamDXfCTlY
308,29,31,YGXaKtAUHTPiBhZZZkfrGiRMOYf
309,421,3,PpCbTTmANDISfeDbsPQAcuXJkw
310,201,13,qKMLQPZpyIDXSvyiYfr
311,132,5,pmmHbApHHV
312,169,22,xaSYGCXThRJkJVwlWqrqFH
313,73,15,oEnYWAWWDeRgnTBigeYx
314,342,27,ejcJioiAplPgwUJwtvVEd
315,75,7,hrBgAlCzSifMuoDlbAR
316,213,19,FqqwTAJRpVgBkqsCKOSQDfPjkyeTpc
317,335,2,HoURgVYegugoJYrzUIy
318,92,14,fgyqLyRfWvKFCaekUQAZnkDvvL
319,46,25,RhTiLYcfQFdzDvDyCa
320,358,9,JbawXKJaFmUBSKHoCxZdEJkpqBvRLW
321,477,18,DgTaZosLjskpSCkrpEXURAqFr
322,203,6,qcmbPTrOCwOf
323,453,21,WJGXJwMnZEVmFszCjuxkHzjg
324,413,10,QYeahhzJoCkJq
325,300,28,YKUsmNqIMSYZOUMgOpjaMpORAsXvMoO
326,322,17,AqtDApvrRkXEcSwEeyF
327,291,26,TkGVToayYSMNWWfCm
328,209,4,BdmoQivUCALjqzXNFqJvHx
329,299,4,kZuacyfXHISuNAKzDvgBGca
330,68,5,WzPnvLNOdCMlSuckCvTALJHpuEIzH
331,240,27,OeQzzJIZoGjoiPiyORCGm
332,301,18,pRRXrxWcB
333,120,24,YjmgwyKZF
334,43,24,jKbZzEIARg
335,456,4,gXneQpjnqQALyGAtoGceFfMXt
336,312,14,OdnJBDYyGriCbYzwNIjydSMLZSbMPb
337,298,5,GQfnLAjbtO
338,261,13,QLsXdwFVyLZwZAWzEYAgFuEcfhwj
339,369,6,jDpjApQStuXsSvrQSriA
340,356,16,CDMqYZFianHMYcC
341,134,12,KHXrHNhnICRETtHLAyMO
342,142,17,wkvvmkABnbbm
343,3,25,fGiOAbBLLyeTiqtMrkzSwVSKf
344,305,32,EINZkpyVcCEtWvPEinBCxGGUBXzu
345,103,7,tJzJimtXnyljxLT
346,236,7,NPbLBZjC
347,446,31,QTlSoALluUPUTnylPWzKERBYgnOpwo
348,123,24,JKKTuWCI
349,509,26,ySZPzcfCrkZDsoIDhOjLAREs
350,503,1,lTSYrWIiuGUgIRMVpfJtLXd
351,471,14,pwvBGSfXbQZZDhoECOnWYyB
352,115,27,muNZNGYKAoozyKaFk
353,138,30,NnYXsixPyjIUjtSOwIH
354,132,6,iOACRhMCqVpDYDidcOEKdPtPz
355,157,15,mdRxarRxIMYkOyLyaoaXV
356,121,5,QwtglbsmSHKhzfWggAjqC
357,393,4,fkQONZOTI
358,230,13,EwDirAkAykSLzJUiBju
359,506,22,LsumCoYJzDPwQdsbDGmKd
360,76,17,IxVlwdRmlcaORVJuMxUIMjE
361,69,26,tICmVdbzEmUwjHDtVMvwpFMM
362,20,2,rOMCMXDvguTZcgD
363,241,16,rrIqxwZuMxCzcUFqYa
364,223,21,QONAOOAqYgRNHCY
365,245,4,MjUohyihewcJSbowTeYrEKfaEj
366,461,22,ggalNgYbWPDTnkrzesqqDwC
367,46,14,tpVEwUsNrCTZFEDSrPveKmh
368,365,20,IwpjkrdErUrfZlIOsKoPlZpnUlo
369,353,27,MhhqxJZRsBFWcJeYBTMCsviDVqqbUg
370,475,3,DyKvqiHcyFkr
371,85,4,JFwUoPzsLKoPdbaGCDHpxYA
372,367,4,MrDPosXXoyXDXlEVUVZzeBULC
373,495,12,oGSfaPnye
374,293,7,emdHuIwsXSLNmecZ
375,152,10,LwOFCOyylrgbPSvKo
376,35,3,VppKbTtazB
377,288,23,MUgjUnLTjheMmgCytHFx
378,146,11,IJlaDJplJqYcLhyehihgETHLt
379,144,20,UOJcHmlCd
380,5,16,cLPbTYaReMsFROagrsj
381,363,9,MkXHlGmfnrCdmVDqPIylcdm
382,115,32,FoAUWDcIJgivNIdGgjLYKezEQt
383,58,27,gMbltmzxLBmnITecS
384,383,18,hYKGiBkCidvbD
385,145,28,jBOVVyKbbLlNMVAwjdw
386,357,31,RbiMvacG
387,61,3,XbxKROqGiSKCkwfFECOZxmq
388,169,3,BEdTLPIQDPkWBkBT
389,494,22,DxrmVYyOlwZebFRbep
390,204,28,uoNNQgPFCsbksjlmYPUcgd
391,57,32,vfdgqBSgwgi
392,489,4,lOxwdRgEMDsDXNylKTvzahgzyaeXTKfj
393,97,24,tKLKYlOQVTvAnqMSBPQekDEpYHaWzka
394,353,25,EQUEltjsBqfSpHciRYzju
395,458,8,zjoJnxeaFtveWPkljVWnmQOOPPkOjmdM
396,123,21,XDaAULHybJmBTFSwndvSV
397,264,30,IAugDflb
398,257,21,fmndfwXwekZfOSMRETv
399,486,17,qYpcOSSNlzwcgzIaogQ
400,90,15,CbnKFoXCyeThkxGDoMJGhLhy
401,509,12,pGpKGLOiFySGg
402,311,31,laMnNxXUZiIpQsHGUWuGwPZFZmG
403,161,12,MNniHipjQPNmpjAPfdYcznMuGv
404,56,32,uuFYQraZdeXbqNQVBgDgNLfsHeJdMf
405,19,17,rmcuxsXebULEAEjFOjjCRFzIpJjZH
406,423,26,XOdjmelffYuryLmKOXWkFKykXNvi
407,486,4,tLMDHSrWXxzbxKsQKgcAIDOX
408,382,4,VWUVKPoyWERghOpqxLlMLLRJOFvkl
409,52,10,AOaQkbagdTtGBAdOhZsOn
410,499,23,HFQneaJKOJIpfwOPDhPjHXZdpc
411,125,17,jCjhpiWJNrIgAO
412,335,28,DocmsjYnvHzaLtsramTITgugFBVRQLx
413,15,4,UeaPIexAfqDzMdIXGZUWoahGI
414,83,24,nBjHXeYvIWYhpFvykLuEInsITbqol
415,296,12,KxGXuADvHIPPwSqQk
416,220,24,tFCRZZgkUVWAKHqcOQhIZZGiYY
417,277,17,gXDipfxQvAL
418,470,32,yGWQEnNRgJiPgg
419,109,20,NOeNTdwQthNvceMuNSGiJEKU
420,131,12,wIneQuyKeiaYcRoU
421,404,8,ncinFjtlJPIMlN
422,97,13,ApVYltLXNpORFdagnj
423,481,26,USHinTbaN
424,168,12,eDIGzqMaKVpV
425,283,24,PuISVOPnEYPyfgDerOVPtKmsp
426,503,9,zRTJqFvdfKQKxGxwxhLTfQKGed
427,135,7,fZAjHBIZrhXvxnyfOvQPLMR
428,499,13,eabbwlCqycPitQYV
429,2,30,fCldZbmIWNtpKnPCKqzzrlpSUl
430,311,14,IbzCGCalsDFasyuk
431,373,12,ePRVygerDZSfXVsTMIhWcdfoIaSyDXh
432,260,8,ZfWBZVHAWfsSowXT
433,441,9,InSFlrOqK
434,305,24,npUjDeOZtJlcpJwTOAxIGxDJCzpLjkB
435,22,32,FmLfdCRkzN
436,99,28,gqqUISZcZxfJcTtxpShTjOwimj
437,87,32,JVZTIkkPNeNHMRPPBmemooGjOKhsCYG
438,204,27,xoVIrMbrgelzvSLgVTH
439,230,1,AHhaKdbyNPFpaYKDRiCcjQdUn
440,254,6,klPCfIOJIxqvkd
441,346,7,dDZAKxhAGYfMI
442,98,16,XtWbNNVHnnrPVo
443,220,30,pTcVtBisjRStCtqDPEAuueDrV
444,127,27,eMpAjcPobzcE
445,293,30,oBtegmStiIsNMfsRRbAJsybVblsM
446,174,29,MNcTeCMWFBMYbqgtmtHWpKW
447,292,13,NAStwnvvhHryCNBCEkkINAXByyfz
448,306,21,VQhoPnwgGCxeXWxbcDTeJKvQtV
449,32,32,mseFaIrXDxLckczuqDAyhRQESUzEjLjY
450,208,14,wguMzcivJdHXGCjzGQWuUnTlFRctqziX
451,169,13,bjDPjWgQkRydRa
452,177,7,aGWDBQZrtHBRTxctf
453,244,32,SCqICcgNhpqwtkxmWRNHeczq
454,74,6,lnLOVtlJptRkxgJZMyNSKoGH
455,144,1,KGbdfEOHpfzIQeNMfnYAUawvxFtBrc
456,505,32,GaniBsxnvGyegggCzpyZPEKDaquRH
457,462,11,eTuZOsSjFaeMxftTaLFIjPxuLGUsx
458,310,7,RIRCMahJoeXWdxlgmRKyUv
459,408,32,BbubbWdGZaagWjbrSQFQAOHoKID
460,509,20,zOARUeyXypwfMuNo
461,67,15,LlcKMLrTuNOcc
462,146,8,tIuMKqRDiEvPbpyiiSgpDOIgL
463,283,22,IUHbmFpM
464,441,31,xDAESSKNgWkaPjwkRyA
465,302,30,jFmIHlZMkScSMyzWJFmeNCNtRTWfH
466,442,19,OJFwrPLJxRRVBOLh
467,395,24,DDSxzWvcSzuivlLXOkpbpYcZDXy
468,210,26,bmxSezeaVItVUflMIVQvr
469,434,6,FIiHiPvcjtgosZx
470,111,6,PpKYYUEEPBp
471,263,19,JbRGkAShwybJkvGMSoUqQWwFsiOKGcOF
472,395,24,NxQaRutfdMUkrjC
473,99,29,LJHgKPrVouwkgq
474,305,12,WiKDOjmDwFK
475,476,18,umbBZiWCgmFhFQTEGLLKjs
476,167,32,SBITJAZVnzvIMbSStInatCXZJnIks
477,280,31,QDAQDcefMlUZItJLkSosWZJJIcyU
478,303,21,EEYqwRfuJIjhsZthWIQXJVclFVYXBpaT
479,333,23,euXBDQQxrLWUC
480,36,31,LznTYhgZvpTHLzpbILh
481,99,25,MtjjjvYxMpIkEaWpsFldECDQPXnQDYk
482,177,8,pQaviorkoofVLQvgLZvoq
483,372,3,iDxSfnrrvzCxKRESsNoMSkYtgfBhNAP
484,346,2,TBPzkVRaSoqb
485,20,22,EnIbiZOPFFbOx
486,94,2,RwasKxBSjfqgMgz
487,186,12,QJYsBeyqhTCQQhyfqXZ
488,375,19,ElkvHcVjyvdVondtxtipkUfvQcPwSMTM
489,224,3,VlSvXImfelgeThZfrDrHHeFUoJYOgJJs
490,318,14,vqxoXleupC
491,482,25,TRVbKDqACpZMclg
492,124,23,lRZsQHxsjVY
493,396,20,CMikDtDICCW
494,89,16,bkrVuZaiFlydNTLffZanYlW
495,114,24,IkWOMTHcVGYiTgooghgYlwbvhvAKQp
496,273,18,wRkFALjTuBYJhDWYnGfLVHtWOZCPz
497,485,26,sftASAZaRVFTDYuA
498,307,12,PDsgXOqnybIfNUeyooitOO
499,29,25,gwwRkUbx
500,16,32,QjDBEqDTNm
501,47,22,dkEnQkRLRNjgNSJwlBVASUDHpJj
502,355,12,CHhnxpHMYTjflxiUdhbCLPVcGGCAk
503,107,28,mHxpVbyMYHMfA
504,237,29,SJGUGyQDRtvaukcsoM
505,383,31,YMCtGUtkXPCWvNahgMXNKrzH
506,442,24,wOleCJcHiaUciJkERMv
507,307,5,guPLzIQNzTYFvWk
508,244,14,IMDPTTqTVlnTQ
509,219,27,ExDDjRaaKMSTJcpmDEGzOmKWikYjlH
510,512,7,UOsulHLJBP
511,325,30,jChtYulOYsKmcwXINdVrMWyp
512,108,25,utpsFPFOvbzRQqoF