id,author_id,den_id,created,title,body
1,13,127,2002-03-23,Enim Lorem,Enim pariatur sunt mollit dolore laboris anim cupidatat ut.
2,22,77,2008-12-24,Velit ipsum,Velit nisi esse aliquip esse consectetur occaecat quis aliquip.
3,23,44,1949-11-01,Enim dolor,Enim sunt laboris deserunt reprehenderit dolor laborum exercitation nostrud esse.
4,29,228,1927-08-13,Minim sit,Minim sint nostrud adipisicing elit nostrud sit consequat occaecat non deserunt voluptate ex cillum quis.
5,16,11,1955-02-08,Non amet,Non sit elit exercitation do laboris ex.
6,10,208,2018-05-25,Laboris consectetur,Laboris reprehenderit nostrud et veniam incididunt amet commodo aliqua deserunt aliquip et dolore.
7,21,128,1983-11-11,Commodo adipiscing,Commodo ex proident cupidatat proident dolor fugiat reprehenderit sunt tempor officia reprehenderit consequat.
8,12,231,1981-05-17,Magna elit,Magna commodo esse sit laboris dolor.
9,18,37,1998-11-01,Voluptate Nam,Voluptate et mollit Lorem ad magna nostrud consectetur labore.
10,11,161,1981-07-10,Nulla auctor,Nulla id proident aliqua ipsum cillum laborum.
11,11,68,1970-05-27,Commodo congue,Commodo mollit sint dolore ipsum amet nisi amet anim do sunt ipsum dolor.
12,4,237,1963-01-27,Occaecat leo,Occaecat veniam minim deserunt aute do minim magna.
13,18,221,1910-09-23,Deserunt vel,Deserunt reprehenderit dolor duis ad ullamco ea cupidatat in nisi enim amet.
14,3,14,2002-02-20,Enim blandit,Enim incididunt pariatur reprehenderit aliquip laboris do exercitation laboris cupidatat aliqua officia.
15,27,213,1924-10-28,Id Etiam,Id ad mollit eu enim nisi eiusmod velit sit consequat Lorem pariatur enim laborum.
16,19,10,1908-10-20,Est vel,Est ut culpa adipisicing commodo consequat magna et occaecat.
17,13,175,2000-04-02,Eu malesuada,Eu eu deserunt minim ex non occaecat labore dolore adipisicing sunt pariatur incididunt ex.
18,32,11,1966-02-13,Tempor justo,Tempor non et commodo fugiat commodo anim duis laborum eiusmod consectetur qui ex incididunt.
19,2,148,1901-10-18,Esse Ut,Esse ipsum deserunt nulla officia et labore deserunt proident non est.
20,7,228,2004-03-01,Commodo a,Commodo deserunt officia Lorem labore sint.
21,16,200,1934-03-10,Magna purus,Magna aliquip amet id occaecat reprehenderit consequat ea proident.
22,23,189,1906-10-29,Qui sit,Qui sint anim sint ipsum ut occaecat ex aute eu Lorem do Lorem eu.
23,2,154,1995-09-29,Aute amet,Aute aute dolor commodo minim.
24,10,169,1932-01-31,Aute nunc,Aute commodo enim consequat magna culpa veniam.
25,32,52,2016-11-02,Commodo commodo,Commodo eu consequat id id ad dolor nulla nisi ex duis sunt amet consectetur elit.
26,32,116,1947-01-22,Adipisicing lacinia,Adipisicing exercitation elit excepteur occaecat veniam ea aute enim culpa id.
27,31,11,1900-10-01,Ea quis,Ea magna exercitation do laborum fugiat deserunt et nisi tempor.
28,28,218,1902-08-21,Adipisicing sodales,Adipisicing voluptate occaecat occaecat ad duis sunt.
29,9,41,1997-06-15,Eiusmod sapien,Eiusmod ea eu occaecat tempor anim commodo qui excepteur magna nostrud ex laboris labore.
30,17,91,1912-01-03,Excepteur Duis,Excepteur anim Lorem ad sunt incididunt et nostrud est.
31,30,154,1951-06-26,Elit libero,Elit enim aliqua nostrud nostrud in occaecat occaecat.
32,9,103,1974-03-14,Labore enim,Labore culpa laboris occaecat irure duis culpa Lorem sint.
33,21,198,1905-01-12,Officia tristique,Officia id culpa nulla ullamco minim irure adipisicing non dolor commodo dolore nostrud aute ad.
34,1,110,1975-07-31,Nisi vitae,Nisi consectetur ullamco elit excepteur dolor dolore excepteur esse excepteur veniam.
35,27,88,1944-02-27,Enim est,Enim ipsum velit ea reprehenderit non aliqua in adipisicing tempor magna irure mollit dolor.
36,1,164,2010-11-25,Tempor nec,Tempor irure non deserunt nisi commodo aliquip anim ea cupidatat duis sint fugiat.
37,29,183,1927-11-17,Non molestie,Non Lorem id aliqua magna duis adipisicing minim.
38,3,80,1903-04-06,Magna ultricies,Magna cupidatat nulla commodo excepteur.
39,10,18,2009-10-02,Lorem felis,Lorem excepteur nisi enim ex non nostrud velit reprehenderit irure quis adipisicing duis id sint.
40,26,199,1987-07-04,Mollit Curabitur,Mollit amet dolore aliqua esse occaecat aliquip.
41,25,137,1992-12-16,Laborum lacus,Laborum nisi magna ex sunt.
42,19,249,1901-03-03,Laboris massa,Laboris quis tempor et aliqua incididunt.
43,7,35,1993-07-28,Elit elementum,Elit mollit sit enim enim magna.
44,31,32,1915-02-25,Ipsum ac,Ipsum pariatur exercitation nisi do cillum laborum.
45,31,154,1915-04-24,Cupidatat magna,Cupidatat ad consectetur occaecat in eu Lorem nostrud ipsum.
46,2,102,1976-08-21,Tempor id,Tempor ullamco in amet sunt ad ex consequat duis aliqua aliquip officia ea amet.
47,12,48,2002-06-14,Ullamco sagittis,Ullamco incididunt in esse aliquip laboris labore occaecat reprehenderit.
48,2,40,1921-05-27,Deserunt volutpat,Deserunt ea minim sit laboris dolor magna.
49,3,106,1909-02-18,Mollit purus,Mollit elit duis et tempor proident exercitation irure aute sunt eu cupidatat in.
50,3,205,1917-08-08,Aliqua Donec,Aliqua exercitation Lorem est ex sint consequat consectetur et sit minim consequat.
51,26,135,2008-11-22,Dolor eget,Dolor anim labore officia qui reprehenderit velit qui deserunt exercitation id.
52,31,16,1987-02-21,Ad porta,Ad anim nostrud minim dolor veniam anim nisi aliquip sint sit.
53,15,16,1967-05-05,Sunt sem,Sunt eu ut exercitation esse do minim et.
54,4,21,1911-10-19,Deserunt Duis,Deserunt eu commodo labore incididunt eu.
55,29,145,1950-11-17,Labore et,Labore dolor consectetur sint magna in tempor.
56,3,253,1957-12-16,Aliquip leo,Aliquip quis amet culpa laborum dolore qui.
57,24,158,2004-05-26,Sit nec,Sit tempor culpa aliquip ullamco pariatur labore.
58,18,13,1947-02-28,Laborum tellus,Laborum proident ea elit minim adipisicing nulla cupidatat pariatur incididunt Lorem aliquip ad aliqua mollit.
59,11,174,1930-08-31,Laborum fringilla,Laborum esse occaecat fugiat occaecat irure deserunt ipsum ut.
60,30,236,2010-05-11,Elit vestibulum,Elit ea mollit pariatur pariatur reprehenderit amet ullamco enim ut pariatur velit.
61,31,79,1928-09-15,Sint Vivamus,Sint officia laborum adipisicing deserunt id veniam et est est aute commodo consectetur.
62,20,209,1908-08-05,Pariatur ornare,Pariatur dolore minim qui pariatur eu sunt et minim do cupidatat consectetur eu culpa.
63,9,91,1923-03-20,Ex hendrerit,Ex id laborum id labore fugiat dolore.
64,4,128,1993-03-03,Fugiat turpis,Fugiat esse duis commodo laborum aliquip quis reprehenderit ut.
65,8,191,1994-06-05,Id in,Id est exercitation ullamco exercitation cupidatat aute aute qui incididunt.
66,11,102,1927-05-27,Enim aliquam,Enim esse do nostrud dolore excepteur cupidatat ut anim veniam adipisicing.
67,10,184,1905-01-10,Excepteur Vestibulum,Excepteur anim consectetur duis amet sit elit fugiat laborum esse.
68,20,150,1916-01-10,Cillum lobortis,Cillum laborum et laboris laborum aliqua aute sit esse.
69,25,82,1997-12-06,Elit non,Elit sunt exercitation consequat nulla duis sit cillum est voluptate cillum in.
70,29,155,1977-10-04,Eiusmod massa,Eiusmod ut excepteur non in quis in ex velit cillum qui.
71,23,243,1955-12-28,Quis ut,Quis proident magna eiusmod aliquip fugiat consectetur consectetur tempor exercitation elit.
72,20,185,1978-09-20,Aliqua lacinia,Aliqua sit eiusmod qui cupidatat.
73,23,144,1912-07-19,Ex Sed,Ex sit et labore nisi.
74,13,120,1979-03-12,Aliqua eu,Aliqua ad sit duis non sit enim.
75,6,14,1989-08-23,Occaecat arcu,Occaecat amet commodo deserunt sunt sunt occaecat officia ipsum velit laborum.
76,32,147,2014-10-02,Deserunt magna,Deserunt in ut laboris culpa nisi qui voluptate.
77,29,125,1954-12-14,Dolor Suspendisse,Dolor anim est reprehenderit amet aliqua esse mollit do ea cupidatat.
78,5,100,1921-10-10,Sit sed,Sit voluptate cillum ipsum laboris tempor elit dolor laborum.
79,2,73,2017-03-25,Reprehenderit metus,Reprehenderit officia aute voluptate non labore ipsum.
80,22,26,1900-12-08,Enim hendrerit,Enim elit et aliquip labore nisi consectetur id amet qui ut duis enim ipsum.
81,5,252,1927-12-24,Nulla sodales,Nulla velit ex ipsum consectetur ea quis veniam duis aute pariatur nulla.
82,13,61,1982-10-31,Qui est,Qui eiusmod est deserunt commodo consectetur do ipsum cillum.
83,26,210,1966-08-19,Ad eget,Ad quis amet laboris velit voluptate adipisicing exercitation.
84,29,136,1928-04-20,Sunt mattis,Sunt eu aliquip minim mollit voluptate elit veniam aliqua et.
85,17,151,2008-04-10,Tempor nibh,Tempor dolore sint ullamco quis.
86,7,214,1908-05-13,Non Nunc,Non ut irure ullamco fugiat veniam culpa id qui commodo veniam enim in exercitation.
87,26,144,1946-10-28,Ullamco sit,Ullamco consectetur irure excepteur voluptate commodo.
88,14,8,2007-07-28,Elit amet,Elit cillum reprehenderit aliqua ad consectetur excepteur veniam dolor ad.
89,27,22,2003-10-03,Sunt bibendum,Sunt occaecat aute irure labore reprehenderit sint amet mollit.
90,15,38,1922-11-29,Commodo mi,Commodo dolor qui occaecat occaecat ad.
91,25,61,1900-02-02,Ad Aliquam,Ad nulla eu et commodo in.
92,6,228,1920-01-23,Ut et,Ut dolor laborum magna tempor proident nostrud.
93,28,159,1913-01-15,Tempor risus,Tempor veniam eu ut ullamco magna id adipisicing.
94,8,119,1926-05-06,Excepteur sed,Excepteur occaecat est excepteur excepteur deserunt mollit id dolore nisi aute in.
95,8,83,1954-10-08,Aute dolor,Aute tempor quis aliqua ullamco id velit incididunt sunt nulla reprehenderit.
96,15,192,1985-10-28,Quis elementum,Quis sint do eu cillum esse amet non.
97,4,184,2007-09-21,Excepteur lobortis,Excepteur incididunt voluptate est elit est sit aute.
98,17,92,1999-04-29,Irure et,Irure veniam officia anim esse amet voluptate aute occaecat cupidatat.
99,7,34,1984-06-28,Ullamco sit,Ullamco incididunt aute exercitation enim voluptate anim minim ullamco exercitation enim veniam aliquip.
100,19,236,1915-01-05,Enim amet,Enim quis sunt occaecat Lorem quis deserunt et duis aliqua.
101,21,83,1906-05-28,Officia nisi,Officia dolor dolore consequat consectetur.
102,21,102,2000-04-09,Id Maecenas,Id eiusmod et exercitation enim reprehenderit deserunt officia duis non.
103,7,48,1939-03-20,Et at,Et eu officia cillum laborum culpa cillum culpa ad labore ex laborum ex.
104,29,158,2013-02-26,Ex est,Ex aliqua enim deserunt amet fugiat et nulla et dolore culpa nisi ut pariatur.
105,21,132,1984-03-17,Esse et,Esse eiusmod non commodo laborum qui fugiat occaecat est officia est quis.
106,3,143,1962-08-29,Tempor metus,Tempor quis nostrud mollit minim.
107,28,218,1908-08-16,Qui faucibus,Qui ea exercitation amet do pariatur nostrud ex laborum.
108,27,196,1965-03-20,Irure semper,Irure dolore ipsum reprehenderit qui ipsum.
109,14,45,1912-10-07,Do Fusce,Do dolor ex velit reprehenderit aute.
110,10,186,2008-07-18,Ipsum porttitor,Ipsum sint quis pariatur laboris elit deserunt.
111,22,134,1953-04-24,Exercitation ex,Exercitation irure pariatur deserunt esse commodo dolor esse commodo officia dolor do.
112,30,192,1908-06-07,Deserunt ac,Deserunt incididunt deserunt anim Lorem sunt amet eiusmod consequat commodo aliqua do.
113,2,84,1956-02-20,Veniam leo,Veniam ipsum exercitation ea deserunt officia laboris labore mollit.
114,32,151,1926-01-09,Id finibus,Id ullamco tempor ipsum voluptate do qui veniam.
115,9,143,1996-10-10,Amet cursus,Amet nisi deserunt culpa voluptate sit in cupidatat in ipsum ipsum id.
116,21,86,1995-02-04,Nisi Sed,Nisi mollit incididunt et enim elit officia enim dolor nostrud.
117,21,241,1965-01-16,Sint sit,Sint laborum nostrud officia enim voluptate est ad amet cupidatat sint eiusmod amet.
118,16,204,1917-04-30,Tempor amet,Tempor incididunt labore ea dolor non ex dolore dolore pariatur pariatur.
119,31,123,2014-01-03,Cillum nisi,Cillum sunt et proident nulla Lorem eu magna mollit elit mollit.
120,17,37,1932-12-05,Esse semper,Esse qui in aliqua aliquip do amet nisi pariatur velit adipisicing laboris enim mollit.
121,27,213,1986-08-18,Do mi,Do ullamco esse ut commodo exercitation laboris ipsum adipisicing.
122,30,184,2010-10-02,Irure vulputate,Irure consectetur sint elit amet dolor aliquip elit proident incididunt aliqua voluptate.
123,4,230,1994-05-01,Do iaculis,Do cillum deserunt sunt magna non officia.
124,32,148,2019-03-22,Nulla in,Nulla mollit officia pariatur tempor in sint veniam est consectetur adipisicing consectetur id.
125,27,117,1914-04-21,Irure nec,Irure voluptate Lorem ex mollit aute elit do mollit eiusmod elit qui adipisicing ea aute.
126,29,248,1975-04-15,Irure ipsum,Irure ex elit veniam laboris ad.
127,24,215,1946-05-22,Lorem Donec,Lorem commodo ipsum cillum aliqua ea ut exercitation ex ex aute sunt.
128,27,210,1928-08-29,Minim vestibulum,Minim non voluptate in aliqua et excepteur ut mollit magna proident eu reprehenderit incididunt.
129,25,116,2009-11-02,Dolor elit,Dolor cupidatat exercitation id anim ullamco mollit et occaecat deserunt.
130,23,127,1962-11-20,Enim eget,Enim magna dolore ex et tempor esse voluptate esse cillum consequat id ex pariatur in.
131,11,60,1963-02-19,Elit nibh,Elit reprehenderit non pariatur pariatur.
132,7,104,2010-06-01,Sint luctus,Sint dolore mollit duis proident occaecat incididunt adipisicing voluptate Lorem.
133,9,49,1912-04-06,Anim semper,Anim sit sit reprehenderit duis cillum cillum adipisicing.
134,20,154,2014-01-25,Nisi Quisque,Nisi nisi qui labore nisi.
135,6,57,1903-07-13,Officia tincidunt,Officia ut tempor id culpa.
136,26,245,1960-05-14,Ad tempor,Ad consectetur aute velit minim veniam.
137,31,160,1941-10-17,Esse nulla,Esse magna nulla minim tempor labore officia magna do nostrud est culpa quis excepteur enim.
138,12,72,1981-02-03,Ut sit,Ut non velit esse veniam exercitation.
139,30,235,1907-06-14,Pariatur amet,Pariatur minim anim aliqua aute et cupidatat ut reprehenderit nostrud.
140,1,12,1914-12-17,Pariatur elementum,Pariatur cillum qui ut minim voluptate nostrud velit irure ipsum non.
141,31,111,2019-01-07,Culpa sapien,Culpa in laboris aliqua pariatur aliqua do laboris incididunt.
142,20,239,1993-07-19,Ut sodales,Ut quis nulla tempor irure occaecat excepteur cillum nisi dolor.
143,21,49,1935-05-07,Commodo sit,Commodo commodo ad nostrud id esse qui elit fugiat ad.
144,25,132,1988-09-10,Esse amet,Esse minim irure ullamco aliquip aute.
145,30,219,1916-12-06,Cupidatat Cras,Cupidatat do ipsum nisi ipsum ea consequat laboris voluptate officia id elit ad officia sint.
146,6,143,1976-04-09,Qui nec,Qui excepteur officia quis incididunt non nostrud eiusmod labore officia exercitation proident fugiat nostrud ea.
147,3,38,1930-12-16,Velit nisi,Velit occaecat commodo culpa proident.
148,18,162,1931-11-15,Sint consectetur,Sint consectetur consectetur excepteur veniam deserunt consequat proident magna veniam adipisicing occaecat laborum ut amet.
149,22,104,1920-06-29,Eiusmod malesuada,Eiusmod sint adipisicing cupidatat culpa reprehenderit elit Lorem cillum officia fugiat id id ex et.
150,29,254,1953-03-23,Excepteur purus,Excepteur cillum occaecat do ut consectetur laboris qui aute minim aliquip commodo esse sit.
151,7,144,2001-10-01,Consectetur ut,Consectetur anim labore quis adipisicing exercitation ea consectetur excepteur esse culpa eiusmod est qui.
152,19,70,1957-07-24,Commodo vehicula,Commodo pariatur nostrud consectetur aliquip enim veniam dolor esse sunt non.
153,22,3,2013-05-22,Et leo,Et eiusmod incididunt deserunt culpa ex duis nostrud labore nulla.
154,1,171,1950-03-11,Exercitation Cras,Exercitation labore sunt eiusmod non consectetur proident proident nulla velit Lorem.
155,4,172,1960-03-19,Sunt hendrerit,Sunt incididunt do cupidatat enim aliquip ea pariatur sunt veniam laboris.
156,19,11,1964-09-22,Reprehenderit felis,Reprehenderit veniam laboris non est aliqua ipsum ullamco exercitation laboris nostrud aute.
157,32,7,1965-05-03,Labore eget,Labore occaecat non fugiat voluptate.
158,5,105,1916-10-10,Non imperdiet,Non consectetur qui dolore eu consequat laborum pariatur est sunt veniam cupidatat est qui laborum.
159,22,176,1988-09-07,Eu semper,Eu officia mollit aliquip voluptate officia.
160,22,255,1957-09-20,Incididunt metus,Incididunt dolore elit duis officia quis deserunt proident.
161,30,45,1937-08-11,Laboris urna,Laboris ullamco qui consequat culpa incididunt laborum incididunt nulla.
162,7,140,1904-09-30,Non sagittis,Non mollit fugiat sit exercitation tempor aliqua consectetur sunt tempor tempor occaecat.
163,11,226,1900-09-25,Mollit dolor,Mollit Lorem elit ea reprehenderit pariatur.
164,17,144,1965-10-04,Irure at,Irure enim voluptate irure ea ad anim ullamco Lorem.
165,3,111,1948-08-30,Voluptate dignissim,Voluptate velit ex ad exercitation nisi fugiat tempor.
166,16,170,1909-10-30,Deserunt tellus,Deserunt eu do magna sunt occaecat.
167,22,142,1980-01-26,Laboris odio,Laboris labore magna consequat minim non aliquip sit non incididunt labore do tempor.
168,7,232,2008-07-12,Dolore vel,Dolore dolore anim et velit irure fugiat eiusmod do consectetur consequat.
169,25,70,1953-02-23,Commodo leo,Commodo nostrud nostrud deserunt ex non.
170,17,19,2018-09-13,Laborum Vestibulum,Laborum in commodo esse ullamco aliquip nostrud incididunt tempor magna deserunt ad.
171,10,56,1968-03-23,Lorem ante,Lorem laboris do minim excepteur voluptate duis adipisicing cupidatat id voluptate laboris laboris.
172,14,108,1919-09-23,Mollit sem,Mollit voluptate eu excepteur ad.
173,10,72,1907-12-18,Deserunt efficitur,Deserunt non nisi Lorem aute.
174,28,219,1940-09-04,Consectetur vel,Consectetur adipisicing culpa laboris officia.
175,14,253,1977-01-31,Labore dolor,Labore consectetur Lorem anim ex nulla officia nostrud Lorem do ad quis anim.
176,31,56,1955-08-25,Sit et,Sit proident sunt pariatur eiusmod eiusmod reprehenderit pariatur quis dolore excepteur.
177,4,171,1942-11-14,Laboris rhoncus,Laboris laboris cillum tempor ex eiusmod nisi ea aliqua fugiat pariatur est in.
178,9,31,1945-11-12,Consequat commodo,Consequat proident culpa est exercitation esse consectetur elit aliqua est aliqua minim dolor.
179,14,43,1918-06-12,Est orci,Est culpa ullamco et sint ad sit sit Lorem ut.
180,27,108,2010-04-22,Ea Maecenas,Ea veniam laboris in culpa nisi.
181,20,180,1914-07-19,Eu at,Eu commodo voluptate tempor et deserunt aliqua pariatur reprehenderit.
182,16,52,1954-10-09,Ut tellus,Ut occaecat eiusmod deserunt do culpa aliqua consectetur veniam consectetur non.
183,20,224,1939-03-12,Ullamco semper,Ullamco id nulla do ipsum id magna in dolore proident irure tempor Lorem cupidatat labore.
184,12,108,1925-11-06,Veniam aliquam,Veniam reprehenderit nisi est laboris id mollit nulla amet.
185,15,111,1972-05-25,Deserunt massa,Deserunt eiusmod elit ex culpa amet sit excepteur et sint.
186,22,131,2011-05-03,Tempor convallis,Tempor sit labore ut amet in laboris adipisicing officia fugiat esse cillum.
187,13,210,1910-05-11,Reprehenderit malesuada,Reprehenderit ipsum magna adipisicing exercitation exercitation.
188,3,153,1985-11-12,Nisi dolor,Nisi nulla non quis quis occaecat.
189,10,20,1960-08-01,Magna Suspendisse,Magna cillum amet incididunt nisi voluptate in in cupidatat.
190,27,208,1970-01-28,Ipsum non,Ipsum sit commodo labore magna nulla aliqua aute do aute exercitation dolore nisi amet.
191,21,206,1962-09-29,Qui bibendum,Qui do mollit amet est ipsum ex do ad nisi eiusmod qui.
192,15,171,1939-01-06,Aliquip ante,Aliquip anim eiusmod Lorem laboris proident excepteur pariatur elit occaecat quis.
193,30,254,1949-02-04,Minim in,Minim id voluptate occaecat anim dolore voluptate tempor cupidatat voluptate.
194,19,112,1919-07-12,Ullamco rhoncus,Ullamco elit sunt ad enim.
195,4,88,1987-04-05,Quis lectus,Quis officia culpa esse proident esse tempor sint in cillum aliquip ut aliqua.
196,32,55,2002-09-19,Irure Duis,Irure nostrud reprehenderit commodo magna officia cupidatat.
197,12,234,1934-10-11,Eu at,Eu consequat amet ut et anim amet magna eu id officia aliquip officia adipisicing.
198,17,21,1976-05-21,Consequat velit,Consequat occaecat cillum qui officia dolore occaecat officia.
199,31,212,1976-08-15,Sunt eget,Sunt sit excepteur et consequat proident velit enim commodo labore adipisicing incididunt magna nisi anim.
200,28,141,1991-05-27,Nisi nunc,Nisi id qui reprehenderit irure ullamco.
201,28,123,1990-07-17,Proident congue,Proident et sit aliqua in mollit consectetur.
202,25,125,1996-11-11,Laboris placerat,Laboris sint mollit deserunt commodo anim consectetur ipsum magna laborum in voluptate exercitation tempor.
203,9,40,1975-02-13,Amet a,Amet velit enim voluptate amet deserunt.
204,15,174,1900-07-25,Ipsum vel,Ipsum enim fugiat ex cillum sint anim velit veniam aliquip officia.
205,31,95,1952-02-07,In tortor,In ad exercitation eu quis elit qui labore anim labore qui minim.
206,20,161,1972-09-27,Lorem Mauris,Lorem aliqua reprehenderit labore commodo reprehenderit irure id consectetur voluptate esse.
207,21,211,1943-04-25,Anim condimentum,Anim aliqua occaecat sint amet nulla pariatur quis ut in.
208,21,95,1996-10-13,Lorem euismod,Lorem eu id adipisicing veniam excepteur ut esse esse.
209,32,27,2006-08-29,Proident magna,Proident cillum nulla exercitation minim cupidatat reprehenderit consequat ullamco officia mollit laborum.
210,24,192,2013-08-01,Sint vitae,Sint occaecat incididunt minim eiusmod.
211,22,183,1973-04-17,Consectetur faucibus,Consectetur sit excepteur id nisi.
212,6,119,1937-11-13,Qui justo,Qui ut sunt irure occaecat mollit enim fugiat labore tempor aliqua sit.
213,9,45,1941-10-08,Irure commodo,Irure cupidatat do commodo laboris nisi pariatur.
214,14,139,1949-07-02,Consectetur id,Consectetur enim fugiat voluptate exercitation qui.
215,4,4,1974-02-10,Aliquip Sed,Aliquip duis esse incididunt irure consequat.
216,17,136,1943-11-15,Magna faucibus,Magna nisi Lorem ut ullamco veniam labore.
217,2,31,1925-06-14,Veniam nunc,Veniam ullamco eiusmod excepteur irure.
218,3,46,2013-11-12,Culpa vel,Culpa adipisicing qui do dolor consequat id culpa eu labore cillum ea.
219,16,191,1954-03-11,Excepteur risus,Excepteur amet ex dolore ad amet exercitation veniam.
220,26,139,1925-11-24,Veniam lobortis,Veniam id dolor velit Lorem fugiat ex est sunt.
221,2,216,1960-08-04,Ut nec,Ut officia magna deserunt veniam in ipsum est.
222,26,175,2001-02-20,Lorem facilisis,Lorem commodo in ea ipsum labore adipisicing.
223,6,96,1901-09-28,Lorem sem,Lorem in enim magna eiusmod voluptate est consequat do anim magna anim aliquip in.
224,8,191,1943-02-26,Cillum faucibus,Cillum laborum eu consectetur eu quis mollit et adipisicing incididunt.
225,8,150,1952-01-22,Fugiat Vivamus,Fugiat adipisicing mollit eu Lorem nulla ut.
226,32,248,2012-03-10,Cillum sapien,Cillum quis esse nisi officia consequat laborum id quis.
227,17,132,2007-08-24,Eiusmod dui,Eiusmod voluptate reprehenderit mollit ex ullamco non officia enim veniam qui Lorem ad qui mollit.
228,31,154,1906-06-14,Dolore posuere,Dolore id est ad ut ut veniam exercitation reprehenderit deserunt incididunt ex mollit.
229,8,61,1994-12-12,Cillum in,Cillum consectetur do do cillum excepteur mollit eu quis ad cillum deserunt ut.
230,7,63,1975-04-04,Ipsum faucibus,Ipsum ad aliquip cupidatat et magna nulla pariatur et nisi velit elit sit id et.
231,7,6,1989-09-09,Aute vel,Aute anim ea minim cillum sint enim eiusmod ut dolore anim.
232,23,111,1950-09-27,Ex pretium,Ex aliquip laborum officia veniam occaecat et consectetur deserunt adipisicing amet do magna cillum sit.
233,26,154,1941-04-13,Eiusmod a,Eiusmod consequat consequat nostrud veniam Lorem pariatur laboris.
234,32,139,1995-12-12,Ullamco odio,Ullamco consequat nostrud aliquip non labore laborum nulla magna eu et.
235,7,88,1968-09-18,Minim Donec,Minim ut reprehenderit consectetur do excepteur et.
236,26,188,1925-06-22,Et pellentesque,Et sit elit laboris sit commodo occaecat et duis ad consequat ullamco sint.
237,23,249,1951-05-30,Non purus,Non sint dolore nisi pariatur ea ut esse non.
238,17,206,1935-02-17,Sunt at,Sunt elit ipsum ex sunt sit consequat tempor in in.
239,7,32,1924-07-26,Irure metus,Irure quis laboris minim proident dolore et eu sunt aute.
240,6,114,1993-07-04,Ex gravida,Ex cupidatat anim cillum esse voluptate ea esse laborum aliquip commodo pariatur minim voluptate labore.
241,29,224,1964-08-09,Eiusmod non,Eiusmod minim dolore ad duis magna voluptate dolore Lorem ea mollit tempor esse aliquip.
242,6,254,1923-11-16,Do molestie,Do ex cillum Lorem commodo aliqua.
243,24,32,1971-08-11,Ullamco nunc,Ullamco magna reprehenderit duis eu voluptate fugiat nulla laboris occaecat eiusmod fugiat.
244,6,177,1947-05-28,Proident accumsan,Proident aliquip ullamco excepteur nulla id in sint.
245,1,250,1942-07-11,Excepteur In,Excepteur nisi officia nisi ullamco consectetur culpa.
246,27,47,2018-11-02,Et vehicula,Et consequat ad incididunt ex anim amet elit commodo id ut quis nostrud voluptate irure.
247,27,20,1992-06-18,Ut ultricies,Ut id labore ut dolore proident Lorem eu.
248,13,198,2000-08-18,Veniam laoreet,Veniam cillum laborum labore proident sint.
249,28,231,2003-10-22,Sint Cras,Sint excepteur deserunt id eiusmod consectetur.
250,31,211,2002-02-19,Deserunt mollis,Deserunt esse velit enim eiusmod cupidatat qui id.
251,32,162,1946-01-10,Id vehicula,Id nostrud in officia non elit culpa aute.
252,31,228,2008-10-26,Esse tincidunt,Esse est duis id irure tempor magna qui nostrud.
253,28,253,1961-07-25,Reprehenderit Proin,Reprehenderit adipisicing adipisicing esse eu dolor consequat.
254,14,56,1985-05-22,Dolor id,Dolor amet dolor veniam nostrud deserunt.
255,25,188,2005-06-22,Enim velit,Enim ex dolor minim et labore.
256,22,176,2016-02-04,Dolor mi,Dolor nostrud sunt ad irure in incididunt do aliquip fugiat duis ipsum.
257,21,133,1944-07-13,Mollit Donec,Mollit ea velit id quis irure est sit excepteur ullamco id.
258,9,71,2010-07-07,Occaecat at,Occaecat quis amet mollit in.
259,22,64,1968-09-30,Incididunt ante,Incididunt mollit non minim nulla aute ut aliqua et commodo proident esse Lorem.
260,10,21,1986-08-13,Aute elit,Aute irure minim aliquip quis.
261,15,224,1900-07-30,Ut Sed,Ut nostrud amet ipsum nulla occaecat laboris nisi fugiat nisi amet proident sit excepteur dolor.
262,15,197,1978-02-28,Ut pharetra,Ut qui fugiat exercitation reprehenderit ea velit tempor ad.
263,5,128,1949-09-09,Dolore turpis,Dolore voluptate non laborum est esse nisi in.
264,13,173,1939-03-21,Labore non,Labore in reprehenderit esse mollit non ut irure nulla magna.
265,6,137,1934-02-12,Aliquip ipsum,Aliquip veniam ut nostrud amet consequat et aute dolor.
266,16,85,1956-10-21,Ullamco pulvinar,Ullamco pariatur adipisicing aliquip mollit Lorem aliqua aliqua excepteur exercitation velit.
267,1,186,1985-04-23,Laborum posuere,Laborum enim sunt officia do veniam.
268,19,2,1988-01-15,Qui Donec,Qui ipsum commodo consequat laboris ex labore aliquip Lorem.
269,16,135,2012-07-31,Sint dapibus,Sint qui est Lorem sit.
270,21,223,1971-06-05,Occaecat malesuada,Occaecat occaecat incididunt proident fugiat nulla cupidatat.
271,27,254,2011-06-29,Non pretium,Non Lorem irure deserunt ea eu duis dolor proident.
272,2,232,1995-09-20,Consequat Proin,Consequat aliquip cillum eiusmod velit ipsum non pariatur ipsum culpa laboris aliquip mollit.
273,15,33,1979-10-18,Laborum in,Laborum qui sint commodo veniam proident eiusmod aliqua esse do commodo cupidatat.
274,4,83,1929-12-27,Officia metus,Officia et aliquip culpa do ullamco laborum ad anim laboris nostrud sunt.
275,12,50,1978-06-19,Et pulvinar,Et aliqua pariatur aute incididunt officia.
276,18,246,1981-11-11,Lorem imperdiet,Lorem adipisicing aute dolor do proident dolor nulla veniam dolore est veniam magna culpa.
277,8,245,1951-10-01,Cillum urna,Cillum ut excepteur veniam id enim in cupidatat.
278,5,181,1953-02-28,Sit in,Sit magna cupidatat cupidatat labore.
279,30,103,1978-12-05,Est pulvinar,Est est magna ullamco ex laboris ut aute id voluptate eu incididunt amet.
280,15,93,1968-10-08,Ex lacus,Ex elit qui Lorem aute et id excepteur.
281,8,24,1984-02-10,Officia Nam,Officia eiusmod qui amet adipisicing labore ipsum velit nisi proident incididunt eiusmod.
282,4,132,2001-03-15,Amet vel,Amet adipisicing incididunt dolore id reprehenderit.
283,7,247,1975-03-06,Qui dapibus,Qui ut adipisicing et amet.
284,4,206,1982-06-05,Consectetur leo,Consectetur tempor exercitation velit laboris aliqua eu excepteur fugiat laboris tempor dolor eu aliqua magna.
285,23,256,1901-02-24,Et Fusce,Et consequat laborum pariatur ut dolor consectetur.
286,14,50,2010-07-31,Ea porttitor,Ea dolor incididunt dolore ut aute non qui sint.
287,21,216,2008-07-27,Nostrud semper,Nostrud duis irure officia minim ea mollit cupidatat reprehenderit sit irure amet.
288,1,5,2008-01-02,Ipsum tellus,Ipsum aliqua duis laborum cillum laboris fugiat Lorem aute nisi.
289,10,12,1987-02-21,Voluptate eu,Voluptate elit do dolore magna duis ipsum commodo commodo.
290,15,168,1947-11-22,Est sollicitudin,Est dolore nulla fugiat aliqua proident id minim aliqua ad dolor.
291,25,112,1922-11-20,Velit nibh,Velit esse pariatur duis non.
292,13,123,1925-03-12,Laborum bibendum,Laborum ad fugiat nostrud velit est dolore.
293,25,173,1909-01-14,Incididunt quis,Incididunt et magna Lorem reprehenderit.
294,10,61,2015-11-20,Nostrud Quisque,Nostrud mollit et id minim qui dolor.
295,32,16,1985-09-13,Minim sed,Minim veniam quis do consectetur dolore elit veniam enim anim laborum.
296,22,1,1917-03-04,Sit lorem,Sit ipsum dolor commodo incididunt reprehenderit velit ipsum qui aliquip.
297,9,205,1910-12-17,Ullamco placerat,Ullamco duis tempor nostrud nisi irure laborum exercitation sit nisi.
298,12,168,1945-10-04,Nostrud mattis,Nostrud reprehenderit voluptate aute occaecat voluptate consectetur non ipsum.
299,11,123,1919-06-06,Eu ligula,Eu cupidatat irure reprehenderit ad velit amet.
300,16,68,1987-05-31,Consequat id,Consequat mollit officia aliquip excepteur duis enim irure voluptate.
301,14,38,1953-03-21,Labore vestibulum,Labore esse id qui labore nisi.
302,19,71,1972-04-02,Ad enim,Ad qui aute non excepteur nisi cupidatat.
303,2,164,1955-03-18,Proident Donec,Proident cupidatat ut elit nostrud velit aliquip sit proident.
304,27,236,1957-05-11,Pariatur non,Pariatur mollit pariatur ipsum proident voluptate esse et ex culpa dolor.
305,19,212,1924-08-30,Est porttitor,Est veniam et incididunt reprehenderit et ut enim incididunt fugiat esse nostrud minim.
306,22,24,2006-05-09,Veniam arcu,Veniam ut ut magna nisi cillum.
307,11,59,1948-08-27,Ad Praesent,Ad duis anim aliqua sit quis laboris excepteur cillum labore.
308,20,95,1969-10-02,Esse luctus,Esse cillum cupidatat adipisicing proident amet qui non nostrud ad enim amet non.
309,30,226,1915-03-16,Consequat viverra,Consequat nulla consectetur sint nulla culpa cupidatat incididunt.
310,1,130,1966-11-19,Ea mauris,Ea exercitation dolore veniam est aliqua culpa irure labore aute sint fugiat magna exercitation laboris.
311,1,85,2013-08-31,Sunt sed,Sunt Lorem sit deserunt minim excepteur cupidatat mollit.
312,25,246,1928-10-16,Nulla commodo,Nulla aliquip in incididunt enim aute veniam.
313,29,169,1959-04-27,Exercitation purus,Exercitation quis nostrud ad commodo veniam eiusmod deserunt.
314,19,164,1902-04-03,Consequat dignissim,Consequat laboris nostrud cillum incididunt reprehenderit non fugiat velit proident velit cupidatat.
315,31,100,1965-09-20,Est vitae,Est ad fugiat incididunt laborum elit aliqua culpa laboris ea elit non occaecat.
316,9,238,1981-05-21,Enim Donec,Enim incididunt elit est fugiat excepteur quis do tempor incididunt.
317,28,135,1930-04-12,Aliqua elementum,Aliqua velit cupidatat aliqua enim excepteur ipsum id sint veniam qui anim anim do laborum.
318,24,27,2016-06-11,Non arcu,Non nostrud et aliquip non et consectetur ex aliqua id.
319,15,26,1932-06-30,Nisi non,Nisi magna laboris consequat aute.
320,27,230,1938-06-10,Laborum consequat,Laborum labore exercitation in deserunt magna eu velit deserunt.
321,16,23,1992-10-24,Exercitation cursus,Exercitation id commodo et commodo veniam sunt Lorem ullamco.
322,4,34,1985-05-02,Ullamco Nullam,Ullamco tempor esse proident est tempor dolor do irure.
323,19,148,1977-04-22,Eu non,Eu aliquip cupidatat irure mollit incididunt tempor aute ea magna nulla do qui aute dolore.
324,15,156,1992-05-21,Do dui,Do officia laborum nisi incididunt consequat do ex eiusmod.
325,11,42,1916-07-16,Lorem vel,Lorem excepteur nostrud fugiat tempor ut nostrud sit tempor exercitation fugiat.
326,20,104,2003-03-23,Excepteur odio,Excepteur aliqua voluptate quis excepteur voluptate anim laborum.
327,14,80,1975-07-13,Officia eleifend,Officia pariatur irure veniam reprehenderit consequat sit magna laborum.
328,29,199,1923-08-16,Pariatur interdum,Pariatur adipisicing enim et dolore.
329,24,75,1917-05-21,Do at,Do ipsum deserunt qui laboris.
330,6,61,1903-02-22,Sunt at,Sunt duis aute nostrud esse eiusmod cillum ex fugiat enim nisi ullamco.
331,30,38,1991-12-12,Duis lorem,Duis veniam occaecat ut irure.
332,6,99,1903-02-04,Aliqua Nam,Aliqua proident amet cillum esse id ex ut magna magna commodo eiusmod.
333,29,72,1946-08-04,Occaecat laoreet,Occaecat amet proident nulla aliqua esse esse officia voluptate exercitation et.
334,27,166,2015-12-10,Ea dolor,Ea ipsum laboris ad cillum esse qui minim quis nostrud aliquip proident.
335,14,179,1955-12-21,Pariatur velit,Pariatur commodo eu irure ex cillum ut officia.
336,3,161,1919-04-29,Cillum fermentum,Cillum mollit aliquip duis Lorem consectetur.
337,23,76,1915-08-05,Aliquip condimentum,Aliquip do aute excepteur ex pariatur laboris ad enim pariatur officia ut.
338,22,148,1904-01-22,Sunt nulla,Sunt enim incididunt proident amet laborum culpa.
339,14,44,1900-05-14,Eu tempor,Eu et anim voluptate magna tempor quis in ad sit ullamco labore occaecat esse cillum.
340,16,153,1902-05-11,Ullamco non,Ullamco aliquip et adipisicing proident ea consectetur incididunt reprehenderit consequat ex occaecat deserunt.
341,12,11,1953-03-20,Anim In,Anim ipsum occaecat laborum sint ullamco ipsum adipisicing laboris incididunt irure magna quis.
342,23,220,1988-03-08,Pariatur id,Pariatur laborum dolor nostrud aute eiusmod cillum ad id non amet dolore commodo et.
343,4,4,1989-12-23,Lorem tempor,Lorem non consequat amet aliquip veniam esse enim occaecat.
344,9,69,1972-01-06,Quis nisl,Quis do consectetur labore qui aliquip consequat et esse voluptate veniam ex nostrud.
345,23,86,1926-07-07,Esse non,Esse sunt culpa non duis velit ea eiusmod commodo excepteur ut et reprehenderit sunt.
346,21,231,1995-05-02,Adipisicing tincidunt,Adipisicing enim cupidatat dolor ex dolore eu nulla sit.
347,8,17,1971-10-10,Nostrud nulla,Nostrud proident nostrud aute eu ipsum.
348,10,98,2013-01-22,Do Aenean,Do adipisicing adipisicing officia officia proident excepteur irure dolor aliqua in cillum labore reprehenderit commodo.
349,23,47,1943-07-20,Sit pretium,Sit in sunt duis id sit eiusmod do laboris culpa ea nulla magna.
350,17,101,1948-05-07,Duis enim,Duis minim culpa duis esse laboris occaecat nostrud non irure consequat veniam quis adipisicing officia.
351,27,209,1923-09-05,Qui nec,Qui dolor exercitation irure nisi tempor incididunt consectetur dolore et sunt cupidatat.
352,21,225,1945-08-31,Et nisi,Et anim elit et consequat tempor dolore dolore fugiat cupidatat.
353,19,44,1919-11-21,Excepteur varius,Excepteur pariatur deserunt Lorem sunt excepteur laboris sint.
354,31,93,1922-05-15,Veniam laoreet,Veniam reprehenderit pariatur tempor sint amet veniam.
355,30,45,1973-03-20,Quis Praesent,Quis ut veniam quis velit voluptate.
356,5,250,2012-05-10,Et sagittis,Et exercitation officia labore irure anim qui dolor.
357,3,167,1936-07-21,Ullamco ullamcorper,Ullamco amet nulla cupidatat velit esse consequat irure.
358,19,66,1905-08-22,Tempor sapien,Tempor sunt dolor ullamco labore quis occaecat dolor amet reprehenderit enim.
359,15,36,1925-01-06,Quis ac,Quis proident pariatur proident cupidatat veniam culpa veniam aliqua.
360,13,141,1945-06-21,Nulla viverra,Nulla ullamco irure tempor anim pariatur elit non veniam sit.
361,16,133,2013-03-15,Sit Nulla,Sit exercitation veniam qui reprehenderit deserunt eiusmod cupidatat occaecat ullamco.
362,20,199,1958-09-26,Cillum quis,Cillum exercitation et quis quis Lorem minim reprehenderit tempor in ex mollit aute eiusmod.
363,26,241,1910-01-13,In erat,In amet deserunt ipsum amet qui dolore duis velit laborum laborum.
364,23,32,1959-11-09,Nulla eros,Nulla ea veniam Lorem quis veniam ad nostrud eu ut culpa non do ipsum.
365,7,3,2018-08-29,Laboris Ut,Laboris dolore fugiat nostrud nulla sit quis mollit culpa anim ex sit id.
366,5,48,1955-06-20,Elit porttitor,Elit ex irure deserunt anim officia sit dolor laborum ex.
367,24,127,1907-10-23,Sit ex,Sit ex proident mollit deserunt minim deserunt et aute culpa.
368,11,134,1963-09-03,Qui in,Qui officia eu duis ad in quis et irure enim irure aute laboris excepteur.
369,26,125,2017-07-16,Ex orci,Ex labore elit exercitation ex adipisicing consectetur anim.
370,29,178,1953-08-19,Consequat tempor,Consequat veniam veniam duis veniam laborum tempor.
371,7,87,2015-09-14,Esse non,Esse ea duis excepteur elit magna sunt occaecat nostrud qui quis.
372,17,11,1930-06-23,Ullamco rutrum,Ullamco sint nulla nulla laborum cupidatat.
373,23,37,1947-01-01,Quis tellus,Quis dolor cillum ad ex minim ea laborum culpa enim nisi officia exercitation cillum ipsum.
374,23,66,1902-03-22,Anim rhoncus,Anim sit non ut officia cillum est quis commodo ipsum culpa Lorem occaecat incididunt.
375,29,231,1914-08-14,Ad Sed,Ad ipsum anim Lorem minim excepteur labore fugiat dolor occaecat Lorem dolore id.
376,4,107,1930-12-03,Cupidatat facilisis,Cupidatat aliqua aliqua pariatur consequat excepteur pariatur mollit dolor eiusmod aute.
377,19,103,1933-01-30,Commodo rutrum,Commodo ad velit consequat esse velit do veniam non eu esse ex ex.
378,9,120,1942-11-30,Consectetur cursus,Consectetur Lorem esse est mollit esse do consequat fugiat et quis est.
379,22,199,1919-01-09,Cillum Ut,Cillum qui amet enim aliqua exercitation veniam amet consectetur nulla ipsum ipsum.
380,11,241,1996-08-11,Duis justo,Duis mollit incididunt sunt nostrud anim qui fugiat ut culpa.
381,13,103,1925-04-13,Pariatur leo,Pariatur culpa voluptate cupidatat eu eu.
382,4,130,1912-05-28,Excepteur aliquam,Excepteur excepteur minim adipisicing minim nostrud consectetur dolor aute duis magna sit.
383,17,248,1972-12-28,Pariatur vitae,Pariatur qui dolore proident exercitation ea et elit irure sunt exercitation magna sit esse.
384,19,184,1982-08-23,Pariatur quam,Pariatur anim fugiat incididunt id.
385,11,125,1986-11-19,Consectetur id,Consectetur dolor nisi ex amet velit incididunt.
386,23,237,1994-12-29,Cillum interdum,Cillum nisi anim aliqua ullamco adipisicing sit ad dolor incididunt consequat exercitation id non.
387,3,17,1974-08-12,Qui aliquet,Qui do enim elit cupidatat esse consectetur culpa proident irure proident consequat esse.
388,32,78,1977-05-03,Exercitation ex,Exercitation dolore nulla eu do amet esse quis.
389,13,104,1907-07-06,Nisi Morbi,Nisi velit voluptate laboris cupidatat ad proident magna nostrud sit occaecat fugiat commodo enim dolore.
390,5,10,1956-04-16,Eiusmod rutrum,Eiusmod officia sint aliquip velit dolore ea reprehenderit ad minim velit.
391,7,190,2012-09-27,Ad turpis,Ad aute ea magna do.
392,15,214,1915-10-23,Id neque,Id culpa eiusmod dolore do veniam dolore do non duis aute.
393,20,233,1914-05-28,Officia a,Officia officia laborum incididunt cupidatat voluptate aute adipisicing et labore adipisicing ad elit in elit.
394,10,177,1900-07-21,Duis aliquet,Duis aute enim sit velit ullamco exercitation qui consequat consectetur culpa reprehenderit elit laborum elit.
395,4,115,1948-10-28,Veniam quam,Veniam aliquip veniam qui elit nisi cupidatat consequat irure reprehenderit.
396,12,45,1928-04-17,Quis egestas,Quis occaecat eu eu minim elit id nulla eu velit.
397,19,188,1910-03-29,Eiusmod sed,Eiusmod sunt aliqua aliqua minim cupidatat ea.
398,29,59,1954-06-26,Sit Mauris,Sit qui aute irure occaecat nisi.
399,30,185,2010-11-29,Consectetur ligula,Consectetur ut sit exercitation proident dolore proident exercitation qui consequat tempor.
400,26,45,2004-07-29,Proident justo,Proident ut minim sunt do labore et cillum do deserunt voluptate dolore officia sint.
401,21,3,1938-06-19,Cupidatat interdum,Cupidatat sint do ipsum nulla consectetur commodo eu sunt laborum.
402,23,188,1974-11-16,Ad sed,Ad ut officia qui in do irure nulla deserunt cupidatat ut.
403,4,176,1960-10-24,Nulla nibh,Nulla nisi ipsum excepteur irure occaecat elit dolor.
404,29,129,2000-02-16,Culpa quis,Culpa nulla eu officia sit elit non magna adipisicing ut occaecat Lorem.
405,24,158,1974-07-15,Consectetur facilisis,Consectetur ad commodo velit mollit ad commodo Lorem eiusmod exercitation esse reprehenderit labore.
406,27,157,1927-04-21,Aute tincidunt,Aute incididunt velit est dolor incididunt esse aute sit cillum.
407,20,229,1959-02-07,Labore lorem,Labore magna aliquip reprehenderit sunt labore quis nostrud pariatur et exercitation sint eiusmod.
408,5,37,1961-06-10,Incididunt Donec,Incididunt anim quis enim culpa aute.
409,3,174,1978-12-08,Adipisicing bibendum,Adipisicing culpa mollit velit irure veniam non voluptate officia proident sit.
410,29,249,1959-10-25,Id sapien,Id id aliqua minim est elit nisi labore laboris non aliquip elit et.
411,15,9,1925-11-01,Occaecat vel,Occaecat qui dolore qui ex cupidatat amet deserunt ipsum voluptate consectetur sint fugiat.
412,17,239,2005-02-08,Et ante,Et in dolore fugiat laboris nostrud nostrud incididunt aliquip magna incididunt.
413,24,202,1914-05-27,Id efficitur,Id aute fugiat nostrud non non enim reprehenderit.
414,23,222,2004-06-05,Sint vulputate,Sint enim sunt consectetur proident nostrud ut.
415,30,20,2004-12-14,Cillum Ut,Cillum cillum cupidatat elit adipisicing.
416,30,104,1994-10-30,Velit ac,Velit nulla eu laborum pariatur occaecat reprehenderit quis dolor ea ullamco dolor.
417,18,237,1969-05-01,Do commodo,Do occaecat ut dolore aliqua id esse ut proident incididunt tempor incididunt et dolor labore.
418,13,120,1904-02-11,Dolor velit,Dolor dolor nulla magna Lorem adipisicing.
419,8,94,1967-12-10,Tempor Morbi,Tempor sit sit nulla quis minim mollit adipisicing cupidatat labore do proident cupidatat.
420,11,241,1952-09-26,Fugiat sed,Fugiat esse velit qui cupidatat pariatur minim sunt aliquip sint.
421,32,164,1998-01-08,Amet tempus,Amet ullamco culpa elit ullamco sit velit amet laborum officia Lorem elit exercitation.
422,20,166,1973-07-19,Laboris dui,Laboris nisi proident consectetur sit labore nulla adipisicing sunt consequat laborum.
423,30,57,1985-10-24,Reprehenderit Cras,Reprehenderit esse proident ex aute nostrud deserunt.
424,2,91,1919-11-18,Commodo tempor,Commodo dolore id culpa consectetur laborum amet laborum officia esse voluptate velit.
425,3,55,1916-03-19,Id ipsum,Id mollit sunt sunt incididunt velit ad tempor.
426,27,232,1933-12-16,Pariatur ac,Pariatur ipsum aliqua esse pariatur.
427,13,126,1965-03-08,Qui dolor,Qui reprehenderit excepteur pariatur proident laboris dolor minim aliquip labore sunt aute velit incididunt.
428,25,178,1929-05-13,Qui laoreet,Qui laborum velit amet proident et nostrud occaecat culpa laborum officia nulla et nulla enim.
429,2,154,1914-04-03,Lorem pretium,Lorem ipsum duis voluptate dolor.
430,7,239,1968-05-23,Proident Donec,Proident ex sit sint aliquip pariatur laboris ex amet et nisi pariatur nisi.
431,19,248,1904-05-11,Eiusmod aliquet,Eiusmod aliquip anim tempor minim ex nostrud culpa est consequat commodo anim consequat proident eiusmod.
432,12,98,1979-08-09,Exercitation purus,Exercitation aute eiusmod commodo Lorem elit ea exercitation consectetur aliqua nulla eu sint ea esse.
433,31,227,1993-12-03,Duis sed,Duis duis velit incididunt culpa cupidatat ex elit elit excepteur sunt pariatur amet.
434,30,183,1993-06-05,Duis dui,Duis proident aliquip quis adipisicing mollit nostrud ipsum culpa dolore.
435,2,20,1967-02-02,Cillum convallis,Cillum eiusmod esse proident culpa consectetur id anim est commodo consectetur excepteur in dolor.
436,17,212,1990-10-16,Amet sit,Amet ea proident veniam ut sunt amet fugiat cillum exercitation Lorem Lorem nisi.
437,10,237,1957-11-22,Irure amet,Irure nisi ad elit fugiat.
438,32,247,1952-06-10,Cupidatat vulputate,Cupidatat aliquip adipisicing nisi ex consequat anim ea pariatur sit.
439,14,114,1905-03-24,Voluptate dui,Voluptate pariatur est occaecat quis irure officia sit anim mollit eiusmod nulla commodo reprehenderit sunt.
440,19,153,1947-02-05,Dolor fringilla,Dolor consectetur esse eu et.
441,25,167,1904-12-08,Qui Nunc,Qui magna fugiat tempor pariatur labore eu pariatur eiusmod in minim dolor nostrud ut.
442,27,87,1961-07-04,Adipisicing at,Adipisicing qui Lorem ut duis laboris Lorem cillum aute amet magna magna amet laboris.
443,5,21,1965-01-22,Mollit libero,Mollit dolor eiusmod ea amet.
444,1,242,2007-04-28,Cillum nec,Cillum velit quis ipsum culpa laboris magna reprehenderit.
445,12,49,2010-06-30,Minim lacus,Minim Lorem fugiat do culpa ipsum nisi.
446,26,152,1958-11-09,Non scelerisque,Non velit labore id enim aute consectetur eu Lorem commodo ex proident ea.
447,3,217,1980-09-20,Ad tincidunt,Ad incididunt tempor excepteur non dolore proident amet exercitation ea fugiat cupidatat in.
448,31,52,2006-06-23,Est viverra,Est quis tempor do cillum do enim occaecat.
449,13,239,1920-03-12,Ex et,Ex qui veniam consectetur esse cillum incididunt ipsum mollit mollit.
450,28,112,2008-08-17,Irure velit,Irure laborum cupidatat cupidatat esse cillum occaecat consequat nulla qui duis.
451,4,136,1931-09-26,Veniam Donec,Veniam non consectetur sunt est occaecat velit laborum ut exercitation amet minim pariatur mollit.
452,9,231,1985-05-29,Eu aliquet,Eu anim deserunt reprehenderit minim est.
453,12,53,1999-04-11,Exercitation lacinia,Exercitation tempor minim id consequat magna cupidatat.
454,3,34,2001-05-23,Ipsum luctus,Ipsum consequat qui nulla cupidatat non proident ea aliquip.
455,9,4,1961-06-07,Occaecat Suspendisse,Occaecat consequat labore ad enim cupidatat excepteur.
456,18,172,1902-07-29,Non auctor,Non commodo id quis aliquip.
457,9,142,2017-11-20,Cupidatat fringilla,Cupidatat duis cupidatat id ex cillum aliquip veniam.
458,5,137,1937-01-31,Irure sapien,Irure sunt tempor laboris magna velit veniam labore incididunt.
459,24,254,1964-08-01,Tempor eu,Tempor duis culpa duis tempor aliqua et aliquip magna consequat.
460,8,104,1901-08-18,Aute finibus,Aute in officia ea nisi cillum velit nostrud sunt reprehenderit ex nisi et.
461,1,229,1962-11-27,Amet ex,Amet veniam laboris deserunt magna proident laboris aliqua exercitation.
462,26,224,1960-04-28,Aliqua hendrerit,Aliqua anim cupidatat ad exercitation sint.
463,32,179,1904-02-16,Deserunt nec,Deserunt nostrud anim esse proident Lorem nisi voluptate veniam est laborum do aute deserunt.
464,18,15,1967-09-13,Amet Sed,Amet proident id consectetur nulla cupidatat tempor.
465,19,51,1988-01-18,Anim faucibus,Anim consequat anim aute officia laborum eiusmod aliqua est esse excepteur sint.
466,26,59,1944-03-19,Nisi tortor,Nisi voluptate labore eiusmod ullamco sint anim amet sit est fugiat aliqua nulla.
467,31,56,1983-04-27,Aliquip ut,Aliquip tempor ex ipsum excepteur deserunt qui.
468,9,176,1919-05-17,Amet fermentum,Amet veniam aliqua nulla exercitation nulla non tempor.
469,29,139,2009-09-23,Voluptate rhoncus,Voluptate labore labore aliquip voluptate.
470,2,110,1924-04-10,Exercitation tellus,Exercitation amet sint nulla sit pariatur reprehenderit irure amet tempor adipisicing voluptate laboris.
471,5,191,1933-11-01,Nostrud ex,Nostrud fugiat eiusmod fugiat est id non reprehenderit aute sint in.
472,29,215,1997-04-17,Velit vehicula,Velit Lorem qui mollit fugiat elit exercitation veniam nulla elit irure amet esse.
473,13,153,1990-11-29,Cupidatat sapien,Cupidatat fugiat amet ea ullamco magna.
474,2,242,1988-12-07,Sunt nec,Sunt Lorem dolor nisi nulla.
475,19,73,1992-07-16,Dolore ultrices,Dolore esse proident voluptate culpa adipisicing id Lorem.
476,14,156,1921-05-09,Irure felis,Irure deserunt do et fugiat.
477,24,39,2017-05-28,Est purus,Est occaecat et adipisicing labore non enim.
478,23,160,1917-07-07,Enim non,Enim ipsum ipsum adipisicing dolor minim.
479,20,251,1993-04-21,Et magna,Et Lorem magna do dolor irure cillum.
480,29,181,1953-12-30,In Fusce,In ea nostrud ad occaecat dolore ullamco aliqua culpa.
481,17,240,1972-05-13,Laborum pulvinar,Laborum nostrud duis nisi incididunt ut adipisicing.
482,29,107,1945-01-16,Dolore lacus,Dolore cupidatat ea irure fugiat ea magna adipisicing dolore culpa occaecat ex anim fugiat.
483,23,190,1937-11-04,Irure sit,Irure occaecat dolore aliqua exercitation ea fugiat et eu eiusmod ipsum ex exercitation dolore.
484,18,183,1946-12-03,Duis amet,Duis reprehenderit nostrud tempor est pariatur esse.
485,18,61,1995-06-04,Aute suscipit,Aute sit aliqua aute exercitation fugiat ut anim aliquip amet.
486,26,33,1953-01-06,Ut hendrerit,Ut pariatur voluptate ullamco amet ea ipsum laborum est enim.
487,20,15,1959-08-06,Lorem nibh,Lorem culpa nisi qui mollit dolore Lorem enim.
488,2,34,1990-12-20,Proident risus,Proident fugiat sunt duis nostrud velit excepteur.
489,28,18,1960-04-20,Esse aliquet,Esse et dolor amet non ex commodo exercitation ad dolor.
490,7,47,1936-12-12,Magna orci,Magna adipisicing adipisicing nisi excepteur.
491,20,54,1963-11-27,Quis quis,Quis aliqua elit proident adipisicing quis nulla eiusmod.
492,22,253,1958-03-24,Ullamco bibendum,Ullamco amet reprehenderit aute incididunt sunt incididunt Lorem aliquip exercitation exercitation do aliquip.
493,6,142,1988-04-17,Commodo magna,Commodo minim aute ad consectetur laborum cillum ullamco cillum.
494,8,72,1981-09-12,Occaecat ipsum,Occaecat non reprehenderit ad minim sunt velit.
495,5,185,1924-09-17,Occaecat vitae,Occaecat qui consectetur et non dolor aliquip laboris aliquip ipsum irure laboris esse nisi magna.
496,3,8,1930-03-25,Id diam,Id reprehenderit do et sit eu sunt.
497,31,77,1918-04-07,Excepteur Phasellus,Excepteur tempor dolor est quis aliquip est.
498,4,107,1924-11-16,Sint nec,Sint cillum laboris quis excepteur enim ad qui cillum fugiat voluptate dolore nulla deserunt exercitation.
499,1,130,1912-03-30,Culpa feugiat,Culpa veniam officia exercitation ea officia Lorem adipisicing fugiat.
500,25,222,1914-07-30,Consequat diam,Consequat do occaecat cupidatat in veniam.
501,12,235,1959-01-05,Voluptate Proin,Voluptate fugiat ea eiusmod velit aliquip laboris dolore qui.
502,32,151,1994-07-03,Dolor id,Dolor ut quis magna amet dolore deserunt occaecat labore anim officia amet tempor ut.
503,4,129,1962-04-07,Reprehenderit lorem,Reprehenderit labore fugiat nulla sunt deserunt labore.
504,12,242,2018-04-15,Sit non,Sit esse laborum qui officia fugiat minim mollit labore dolore sit.
505,21,12,1910-06-28,Magna tortor,Magna nisi nulla magna nulla.
506,4,4,1926-05-10,Do efficitur,Do dolore proident nulla ullamco reprehenderit.
507,27,62,1966-05-20,Deserunt imperdiet,Deserunt sunt consectetur incididunt dolore proident laborum mollit in cillum.
508,29,144,1913-09-11,Voluptate vel,Voluptate fugiat aute veniam sit excepteur officia in Lorem dolore enim Lorem.
509,24,16,1978-06-04,Minim luctus,Minim dolore veniam fugiat minim.
510,16,46,1975-06-11,Ex lectus,Ex ullamco cillum qui dolor nisi sunt ad eiusmod.
511,10,79,1937-08-27,Eiusmod In,Eiusmod consequat laboris aliquip nostrud pariatur proident nulla ea do non nostrud anim magna.
512,19,60,1936-11-16,Cupidatat diam,Cupidatat laboris nulla amet labore incididunt proident cillum ex veniam do cupidatat elit reprehenderit.